timestamp,indicated_airspeed_m_s,true_airspeed_m_s,true_airspeed_unfiltered_m_s,air_temperature_celsius,confidence
3938767,4.08982,4.1663,6.89726,23.7389,1.0
3949873,4.22311,4.30216,7.72567,23.7503,1.0
3961030,4.35647,4.43817,4.60226,23.756,1.0
3971865,4.48028,4.5647,5.22128,23.8166,1.0
3982767,4.59347,4.68031,6.41529,23.8566,1.0
3993820,4.7039,4.79263,7.59891,23.8323,1.0
4005012,4.81405,4.90509,5.64685,23.8537,1.0
4015807,4.91926,5.0121,6.13226,23.828,1.0
4026768,5.0204,5.11519,7.65806,23.8394,1.0
4037039,5.12168,5.21817,6.70255,23.8151,1.0
4049050,5.22213,5.3208,7.03825,23.8523,1.0
4059818,5.32192,5.42239,7.76108,23.8523,1.0
4070767,5.42099,5.52242,6.23194,23.7403,1.0
4081035,5.51938,5.62265,8.73333,23.7403,1.0
4093030,5.61813,5.72307,6.07254,23.7246,1.0
4103883,5.71327,5.82035,7.06255,23.7574,1.0
4113822,5.80398,5.91252,7.55139,23.7289,1.0
4125030,5.89551,6.00597,8.79396,23.7489,1.0
4137023,5.99011,6.10222,7.56287,23.7303,1.0
4147805,6.08188,6.19587,5.64593,23.756,1.0
4158766,6.16378,6.27911,6.17433,23.7346,1.0
4169881,6.23639,6.35324,6.98714,23.7489,1.0
4181046,6.30637,6.42457,8.84431,23.756,1.0
4191807,6.37746,6.4968,6.83276,23.7317,1.0
4201823,6.44501,6.56585,6.33122,23.7503,1.0
4213027,6.50724,6.62907,8.16389,23.7346,1.0
4225039,6.56629,6.68911,6.24568,23.7417,1.0
4235890,6.62225,6.74618,8.26054,23.7474,1.0
4246766,6.67633,6.80139,7.03713,23.7546,1.0
4257025,6.73,6.85568,8.60014,23.7217,1.0
4269012,6.78451,6.91154,7.72571,23.7503,1.0
4279805,6.83984,6.9679,8.27181,23.7489,1.0
4290767,6.89369,7.02252,6.72717,23.7203,1.0
4301826,6.94362,7.07362,7.64474,23.7403,1.0
4313045,6.99009,7.12082,7.64459,23.7403,1.0
4323807,7.03304,7.16495,6.56428,23.7746,1.0
4334768,7.07231,7.20501,8.38895,23.7646,1.0
4345820,7.10901,7.24233,6.41434,23.7589,1.0
4357027,7.14339,7.27688,8.61025,23.7231,1.0
4367862,7.17578,7.3102,6.35824,23.7532,1.0
4378766,7.20548,7.3403,8.16381,23.7346,1.0
4389045,7.23475,7.37062,8.46294,23.7746,1.0
4402236,7.26313,7.39925,5.62948,23.7546,1.0
4413820,7.28607,7.42228,7.49239,23.7217,1.0
4423835,7.3052,7.44194,7.7718,23.756,1.0
4434752,7.32502,7.46177,8.64079,23.7274,1.0
4445053,7.35031,7.48788,9.89984,23.7574,1.0
4457479,7.38305,7.52127,8.25018,23.746,1.0
4468765,7.41654,7.5555,6.31648,23.7489,1.0
4479804,7.4473,7.58698,9.45848,23.7603,1.0
4491438,7.47669,7.61692,5.724,23.7632,1.0
4502089,7.50402,7.64466,9.42048,23.7546,1.0
4515314,7.53147,7.67242,7.60998,23.736,1.0
4526867,7.5551,7.6966,4.4456,23.7446,1.0
4539408,7.57579,7.71745,11.5693,23.7446,1.0
4550752,7.60518,7.74893,8.80592,23.848,1.0
4563412,7.64077,7.78532,7.76139,23.8523,1.0
4574089,7.67624,7.82129,9.3365,23.8394,1.0
4584766,7.71058,7.85641,6.40191,23.8551,1.0
4594755,7.74211,7.88845,9.33655,23.8394,1.0
4604767,7.77565,7.92266,9.85679,23.848,1.0
4615805,7.81295,7.96038,7.55264,23.8266,1.0
4626769,7.85083,7.99917,9.82977,23.8437,1.0
4638219,7.89056,8.03959,8.74468,23.8394,1.0
4648767,7.93012,8.07851,7.62126,23.7374,1.0
4659028,7.96473,8.11384,7.66808,23.7431,1.0
4670171,7.99177,8.14118,6.26045,23.7431,1.0
4682750,8.01121,8.16137,8.30394,23.7532,1.0
4692822,8.02761,8.17775,8.74311,23.7417,1.0
4703872,8.04418,8.19478,8.29339,23.7517,1.0
4714515,8.06081,8.21186,8.74341,23.7417,1.0
4726172,8.07734,8.22868,8.2503,23.746,1.0
4736752,8.09223,8.24369,7.69131,23.746,1.0
4747806,8.10346,8.25645,7.66927,23.8409,1.0
4758766,8.11215,8.26554,8.85621,23.8551,1.0
4771297,8.123,8.2765,9.78456,23.8366,1.0
4782768,8.13858,8.29248,8.79545,23.8466,1.0
4795445,8.15761,8.31184,9.37481,23.8451,1.0
4806752,8.17898,8.33351,8.79532,23.8466,1.0
4816912,8.20056,8.35532,8.11059,23.8251,1.0
4827791,8.22058,8.37622,8.8766,23.858,1.0
4838096,8.2371,8.39282,6.26173,23.8409,1.0
4851413,8.24815,8.40383,8.75516,23.8409,1.0
4862752,8.254,8.40979,6.17531,23.8323,1.0
4872756,8.25729,8.41327,10.2556,23.8409,1.0
4883870,8.26515,8.42136,9.84798,23.8466,1.0
4894758,8.27876,8.43533,8.24129,23.8423,1.0
4906750,8.29372,8.45055,9.32739,23.838,1.0
4916753,8.31062,8.46759,9.38382,23.8466,1.0
4927871,8.3321,8.48936,10.2387,23.838,1.0
4939113,8.35723,8.51357,8.11988,23.7289,1.0
4950765,8.38094,8.5379,8.28227,23.7503,1.0
4960919,8.40497,8.56233,11.1536,23.7403,1.0
4971791,8.43563,8.59335,9.70044,23.726,1.0
4982786,8.46898,8.62787,7.71486,23.7489,1.0
4994728,8.49885,8.65774,9.20111,23.7217,1.0
5006095,8.52524,8.68465,8.13122,23.7303,1.0
5016763,8.54757,8.70757,8.21801,23.7417,1.0
5027864,8.5665,8.72688,9.36321,23.746,1.0
5038757,8.5854,8.74742,9.33627,23.8394,1.0
5051103,8.60559,8.76815,9.32721,23.838,1.0
5062089,8.6254,8.78849,8.29492,23.8494,1.0
5075031,8.64423,8.80792,9.92869,23.8594,1.0
5086849,8.66358,8.82729,8.78555,23.8451,1.0
5099398,8.6801,8.84404,6.89854,23.8366,1.0
5110752,8.69373,8.85795,11.1554,23.838,1.0
5120911,8.70909,8.87375,7.70393,23.8451,1.0
5131806,8.72319,8.88648,8.72278,23.7389,1.0
5142782,8.73097,8.89439,6.23197,23.7403,1.0
5154622,8.73233,8.89577,9.32563,23.7403,1.0
5164911,8.72882,8.8925,6.34481,23.7517,1.0
5175792,8.72106,8.88429,9.32563,23.7403,1.0
5187339,8.70941,8.87244,6.24578,23.7417,1.0
5198768,8.68917,8.85183,4.40518,23.7417,1.0
5208911,8.66056,8.82298,9.85532,23.7503,1.0
5219877,8.6332,8.79491,8.77358,23.746,1.0
5230172,8.61135,8.77378,9.78422,23.8366,1.0
5242517,8.59252,8.75497,7.12621,23.8623,1.0
5254093,8.57376,8.73559,9.25081,23.8266,1.0
5264753,8.55739,8.71946,9.4972,23.8637,1.0
5275797,8.54633,8.70777,9.30803,23.8351,1.0
5286767,8.54136,8.70278,10.2557,23.8409,1.0
5299402,8.54307,8.70453,9.34645,23.8409,1.0
5310757,8.54728,8.70888,7.63487,23.8366,1.0
5323420,8.54935,8.71106,8.77515,23.8437,1.0
5334255,8.54942,8.71107,8.21953,23.8394,1.0
5344768,8.54844,8.71021,8.81588,23.8494,1.0
5354777,8.54591,8.70743,7.66942,23.8409,1.0
5364753,8.53983,8.7011,7.59906,23.8323,1.0
5375888,8.53024,8.69121,8.63252,23.8237,1.0
5387459,8.52035,8.68172,8.87664,23.858,1.0
5398773,8.51185,8.67242,8.63248,23.8237,1.0
5408920,8.50225,8.663,6.89867,23.8366,1.0
5419792,8.4873,8.64781,6.92362,23.8394,1.0
5430263,8.47074,8.63082,10.7401,23.8366,1.0
5442543,8.4618,8.62189,9.84818,23.8466,1.0
5452753,8.45988,8.61981,8.22997,23.8409,1.0
5463792,8.45764,8.61744,7.62263,23.8351,1.0
5474753,8.45437,8.6143,9.83874,23.8451,1.0
5486100,8.45471,8.61445,9.3648,23.8437,1.0
5496751,8.45702,8.61699,7.12628,23.8623,1.0
5507016,8.45608,8.61581,8.27317,23.8466,1.0
5518090,8.45277,8.61113,8.78415,23.7474,1.0
5530534,8.45286,8.61095,10.6638,23.726,1.0
5540911,8.45656,8.61497,6.26067,23.7431,1.0
5551792,8.45705,8.61546,8.22857,23.7431,1.0
5562620,8.45411,8.61268,8.85489,23.7574,1.0
5574237,8.45204,8.61075,8.92507,23.7674,1.0
5584752,8.45527,8.61365,11.1857,23.746,1.0
5595792,8.46657,8.62508,8.73342,23.7403,1.0
5606757,8.4841,8.64289,10.7794,23.746,1.0
5619307,8.50638,8.66722,8.72439,23.8366,1.0
5630766,8.52905,8.69009,8.19755,23.8366,1.0
5641820,8.5476,8.70912,8.26202,23.8451,1.0
5654889,8.55996,8.7211,6.56877,23.8008,1.0
5665820,8.56906,8.73082,11.1155,23.8308,1.0
5677821,8.58049,8.74242,7.58763,23.8308,1.0
5689872,8.58994,8.75195,7.50508,23.8208,1.0
5701822,8.59181,8.75421,6.97499,23.8451,1.0
5712752,8.58688,8.74736,8.08707,23.7246,1.0
5723904,8.58164,8.74241,10.7716,23.7446,1.0
5734892,8.58179,8.74206,8.51663,23.7103,1.0
5745821,8.58519,8.74605,9.36335,23.746,1.0
5758899,8.59299,8.75358,10.9931,23.7117,1.0
5769872,8.60962,8.77092,10.2282,23.7389,1.0
5780769,8.63198,8.79363,8.73346,23.7403,1.0
5791808,8.65297,8.81489,8.05445,23.7203,1.0
5803571,8.66928,8.83344,8.43288,23.868,1.0
5813829,8.68161,8.84532,8.62167,23.8223,1.0
5824770,8.69579,8.86009,11.6098,23.8494,1.0
5835849,8.71562,8.87999,8.07778,23.8208,1.0
5846892,8.7347,8.89965,8.22981,23.8409,1.0
5857821,8.75069,8.91543,10.0456,23.8065,1.0
5869871,8.76571,8.93129,7.57642,23.8294,1.0
5881821,8.77873,8.94484,9.85694,23.848,1.0
5895792,8.7901,8.95584,8.01108,23.8123,1.0
5908237,8.7967,8.9626,6.80754,23.8266,1.0
5919792,8.79822,8.96433,10.2387,23.838,1.0
5929871,8.7999,8.96632,8.34824,23.8566,1.0
5942889,8.80206,8.96835,9.27955,23.8308,1.0
5953826,8.80734,8.97392,11.1877,23.8437,1.0
5964753,8.82002,8.98632,9.66571,23.818,1.0
5975870,8.8359,9.00222,8.49686,23.8051,1.0
5985821,8.85118,9.01882,10.0177,23.8737,1.0
5997821,8.8659,9.03316,8.14312,23.8294,1.0
6009872,8.8777,9.04529,8.60186,23.8194,1.0
6020768,8.88279,9.05049,6.14633,23.8294,1.0
6031842,8.88253,9.04997,10.5812,23.8094,1.0
6043849,8.88316,9.05127,8.81588,23.8494,1.0
6054981,8.88541,9.05293,9.12452,23.808,1.0
6064764,8.88676,9.05454,8.63261,23.8237,1.0
6075813,8.88709,9.05439,9.13442,23.8094,1.0
6086890,8.89018,9.05824,11.1716,23.8409,1.0
6097821,8.90024,9.06832,9.739,23.8294,1.0
6108753,8.91454,9.08295,9.31729,23.8366,1.0
6119876,8.92767,9.09623,8.09922,23.8237,1.0
6131899,8.93355,9.1024,5.61505,23.8509,1.0
6142890,8.9297,9.09842,8.79532,23.8466,1.0
6152753,8.92181,9.08988,9.16347,23.8137,1.0
6163805,8.91487,9.08349,9.34659,23.8409,1.0
6174889,8.90808,9.07604,7.98874,23.8094,1.0
6185827,8.9005,9.06859,9.72063,23.8266,1.0
6196752,8.89349,9.06136,8.57022,23.8151,1.0
6207821,8.88789,9.05577,9.82972,23.8437,1.0
6219854,8.88466,9.05246,9.27951,23.8308,1.0
6230889,8.88374,9.05153,9.27951,23.8308,1.0
6240840,8.88425,9.05215,9.36484,23.8437,1.0
6251878,8.88273,9.05056,6.26167,23.8409,1.0
6261821,8.87578,9.04322,9.23138,23.8237,1.0
6273822,8.86709,9.03433,9.17306,23.8151,1.0
6284764,8.85952,9.02682,8.73481,23.838,1.0
6295824,8.85224,9.01891,9.10541,23.8051,1.0
6307836,8.84665,9.01384,9.81161,23.8409,1.0
6318899,8.84623,9.01298,10.5981,23.8123,1.0
6329872,8.85258,9.01983,9.78451,23.8366,1.0
6341867,8.86165,9.02899,8.20806,23.838,1.0
6352770,8.86807,9.03499,8.49686,23.8051,1.0
6363828,8.87191,9.03958,9.40294,23.8494,1.0
6373820,8.87298,9.04019,6.72821,23.818,1.0
6385821,8.87016,9.0378,9.81161,23.8409,1.0
6398972,8.86806,9.0356,9.74791,23.8308,1.0
6409879,8.87034,9.03816,9.84818,23.8466,1.0
6421821,8.87674,9.04473,9.86569,23.8494,1.0
6433828,8.89024,9.058,11.8984,23.818,1.0
6444764,8.91255,9.08106,9.35572,23.8423,1.0
6455913,8.93627,9.10476,8.01108,23.8123,1.0
6467957,8.95671,9.12576,10.2212,23.8351,1.0
6478971,8.97747,9.14674,9.66571,23.818,1.0
6489873,8.99774,9.16757,8.1432,23.8294,1.0
6501820,9.01622,9.1861,10.69,23.828,1.0
6513821,9.03577,9.2058,9.16329,23.8137,1.0
6524768,9.05417,9.22542,8.29496,23.8494,1.0
6534889,9.06905,9.24036,9.81152,23.8409,1.0
6544841,9.0856,9.25722,11.1715,23.8409,1.0
6555834,9.10886,9.28065,10.715,23.8323,1.0
6566890,9.14054,9.31288,11.9277,23.8237,1.0
6576752,9.17786,9.35095,8.59093,23.818,1.0
6587879,9.21174,9.38568,8.15382,23.8308,1.0
6598886,9.23777,9.41191,9.17297,23.8151,1.0
6609873,9.25943,9.43429,9.77496,23.8351,1.0
6621820,9.27991,9.4552,9.79328,23.838,1.0
6633822,9.30122,9.4766,10.5981,23.8123,1.0
6645820,9.32089,9.49692,6.83392,23.8294,1.0
6656768,9.33636,9.51263,11.1232,23.8323,1.0
6668139,9.34884,9.52575,6.89878,23.8366,1.0
6678967,9.35796,9.53485,10.6739,23.8251,1.0
6689874,9.36725,9.54443,10.2041,23.8323,1.0
6701822,9.3778,9.55486,8.61188,23.8208,1.0
6713845,9.38658,9.5638,10.1341,23.8208,1.0
6725823,9.39771,9.57511,11.5404,23.8366,1.0
6737848,9.41363,9.59092,9.1439,23.8108,1.0
6749870,9.42846,9.60654,8.6839,23.8308,1.0
6761822,9.43901,9.6171,9.72931,23.828,1.0
6772756,9.44565,9.6237,7.9887,23.8094,1.0
6783811,9.44802,9.62665,9.80291,23.8394,1.0
6794751,9.44732,9.62555,8.57014,23.8151,1.0
6806752,9.44452,9.62304,9.80286,23.8394,1.0
6817820,9.44009,9.61871,8.7654,23.8423,1.0
6829020,9.43627,9.61445,11.0833,23.8251,1.0
6840754,9.4369,9.61534,10.308,23.8494,1.0
6853037,9.4421,9.62011,10.0899,23.8137,1.0
6863886,9.44583,9.62414,6.82029,23.828,1.0
6874767,9.44602,9.62403,11.3928,23.8094,1.0
6886757,9.45016,9.62837,11.0513,23.8194,1.0
6897821,9.45723,9.63538,6.74192,23.8194,1.0
6908753,9.46055,9.6389,10.6901,23.828,1.0
6919874,9.46577,9.64425,11.4086,23.8123,1.0
6930768,9.47834,9.65705,10.5981,23.8123,1.0
6941823,9.4962,9.67548,10.6985,23.8294,1.0
6952758,9.51434,9.69369,8.01104,23.8123,1.0
6964647,9.5287,9.70864,10.2388,23.838,1.0
6975811,9.53859,9.71884,7.70385,23.8451,1.0
6986768,9.54348,9.72366,9.77492,23.8351,1.0
6998753,9.54311,9.72343,7.59914,23.8323,1.0
7009871,9.53657,9.71662,8.71428,23.8351,1.0
7020753,9.52567,9.70542,9.72049,23.8266,1.0
7030765,9.51511,9.69431,10.0365,23.8051,1.0
7041820,9.50596,9.68548,9.23156,23.8237,1.0
7052653,9.49306,9.67203,5.98573,23.8137,1.0
7063833,9.47056,9.6495,7.64604,23.838,1.0
7074765,9.44031,9.61845,8.63252,23.8237,1.0
7086778,9.40714,9.585,8.78564,23.8451,1.0
7097820,9.37433,9.55156,9.83864,23.8451,1.0
7108767,9.34487,9.5216,9.80296,23.8394,1.0
7119874,9.31828,9.49398,8.54995,23.8123,1.0
7130752,9.29111,9.46623,8.51808,23.808,1.0
7141820,9.26213,9.43711,8.72426,23.8366,1.0
7152753,9.23388,9.40785,10.0629,23.8094,1.0
7164755,9.2085,9.38272,8.75555,23.8409,1.0
7175888,9.18586,9.35912,10.046,23.8065,1.0
7186879,9.1685,9.34181,10.7074,23.8308,1.0
7198757,9.15971,9.33261,10.7398,23.8366,1.0
7209893,9.159,9.3319,10.2296,23.8366,1.0
7221058,9.16544,9.33834,11.1076,23.8294,1.0
7231825,9.17957,9.35313,10.7402,23.8366,1.0
7242767,9.20195,9.37593,11.5407,23.8366,1.0
7254757,9.23141,9.40558,10.16,23.8251,1.0
7265821,9.26376,9.43925,9.95607,23.8637,1.0
7276122,9.29279,9.46791,7.45807,23.8151,1.0
7287817,9.31371,9.4896,8.6732,23.8294,1.0
7298752,9.32559,9.5014,7.42164,23.8108,1.0
7310787,9.32977,9.50532,9.09511,23.8037,1.0
7321820,9.32826,9.50416,8.06627,23.8194,1.0
7332485,9.32297,9.4986,9.60095,23.808,1.0
7342766,9.319,9.4948,11.0754,23.8237,1.0
7352841,9.32356,9.49922,11.8233,23.8037,1.0
7364669,9.33857,9.51492,10.7485,23.838,1.0
7375811,9.35711,9.53335,8.01092,23.8123,1.0
7386764,9.37264,9.54948,10.1952,23.8308,1.0
7398763,9.38682,9.56444,9.80306,23.8394,1.0
7409871,9.40076,9.57857,9.34659,23.8409,1.0
7420751,9.41259,9.59039,9.2888,23.8323,1.0
7431812,9.42413,9.60157,11.0186,23.8137,1.0
7442768,9.43496,9.6128,6.80747,23.8266,1.0
7453821,9.43988,9.61806,9.2694,23.8294,1.0
7463905,9.43978,9.61829,9.26972,23.8294,1.0
7473820,9.43568,9.61319,7.34965,23.8023,1.0
7484769,9.42506,9.60281,8.67299,23.8294,1.0
7495825,9.41122,9.58874,10.1071,23.8166,1.0
7506770,9.39918,9.57661,9.7117,23.8251,1.0
7517837,9.39028,9.56766,10.2038,23.8323,1.0
7528768,9.38508,9.56236,10.2038,23.8323,1.0
7540141,9.38732,9.5645,12.3827,23.8409,1.0
7551816,9.39754,9.5745,8.59067,23.818,1.0
7562752,9.41072,9.58815,11.123,23.8323,1.0
7574752,9.42374,9.60134,7.98866,23.8094,1.0
7585820,9.43588,9.61405,11.1316,23.8337,1.0
7596767,9.44713,9.62498,7.94446,23.8037,1.0
7607874,9.45361,9.63245,8.24133,23.8423,1.0
7618752,9.45333,9.63161,9.12456,23.808,1.0
7629871,9.45286,9.63135,11.5559,23.8394,1.0
7640753,9.45558,9.63419,8.14332,23.8294,1.0
7652680,9.45731,9.63581,9.73891,23.8294,1.0
7663840,9.4588,9.63733,10.6984,23.8294,1.0
7674764,9.46465,9.64315,10.6487,23.8208,1.0
7686768,9.47489,9.65368,10.1685,23.8266,1.0
7697823,9.48509,9.66426,8.2081,23.838,1.0
7708751,9.49093,9.67018,9.31724,23.8366,1.0
7719854,9.48959,9.66859,6.07363,23.8223,1.0
7730757,9.48017,9.65889,9.65609,23.8166,1.0
7742753,9.46727,9.64599,9.24081,23.8251,1.0
7754766,9.45591,9.63399,10.5729,23.808,1.0
7766875,9.4493,9.62765,10.7151,23.8323,1.0
7778752,9.44633,9.62411,8.52872,23.8094,1.0
7790768,9.44045,9.61832,7.96704,23.8065,1.0
7802757,9.43195,9.60988,11.1231,23.8323,1.0
7813823,9.42532,9.60297,8.55994,23.8137,1.0
7823894,9.41791,9.59597,8.80596,23.848,1.0
7833822,9.40746,9.58493,9.23138,23.8237,1.0
7844753,9.39591,9.5736,9.41291,23.8509,1.0
7854768,9.38272,9.55947,7.97782,23.808,1.0
7866766,9.36764,9.5444,10.1685,23.8266,1.0
7878767,9.35465,9.5312,10.1248,23.8194,1.0
7889870,9.34629,9.52246,10.1338,23.8208,1.0
7901493,9.33691,9.51309,5.3057,23.8237,1.0
7911830,9.32017,9.4957,9.16343,23.8137,1.0
7922770,9.30087,9.4763,10.1951,23.8308,1.0
7934752,9.28672,9.46217,10.6571,23.8223,1.0
7945821,9.27743,9.45277,8.73494,23.838,1.0
7956849,9.27007,9.44524,10.2647,23.8423,1.0
7968241,9.26112,9.43597,6.05955,23.8208,1.0
7978752,9.25173,9.42622,12.5831,23.8094,1.0
7989872,9.24926,9.42395,9.33641,23.8394,1.0
8000764,9.25217,9.42699,9.77506,23.8351,1.0
8013409,9.25662,9.43117,10.1599,23.8251,1.0
8024766,9.26397,9.43848,10.0898,23.8137,1.0
8034856,9.27421,9.44889,10.0628,23.8094,1.0
8045834,9.28776,9.4632,10.732,23.8351,1.0
8056245,9.30682,9.48306,11.1957,23.8451,1.0
8068570,9.33025,9.50655,9.21227,23.8208,1.0
8080187,9.35265,9.52917,9.28866,23.8323,1.0
8092540,9.37124,9.54796,9.18314,23.8166,1.0
8102752,9.39035,9.56777,12.0321,23.8437,1.0
8113821,9.415,9.59232,10.0542,23.808,1.0
8125475,9.44178,9.62043,9.43127,23.8537,1.0
8136269,9.46387,9.64227,7.96712,23.8065,1.0
8146766,9.47946,9.65836,9.71165,23.8251,1.0
8157821,9.49166,9.67086,9.73896,23.8294,1.0
8168222,9.50235,9.6819,9.28885,23.8323,1.0
8180636,9.50841,9.68779,7.45822,23.8151,1.0
8190753,9.50544,9.68472,7.41009,23.8094,1.0
8200841,9.49497,9.67447,9.77516,23.8351,1.0
8210757,9.48179,9.66071,8.57018,23.8151,1.0
8221820,9.46741,9.64613,9.7117,23.8251,1.0
8232756,9.45272,9.63103,9.20263,23.8194,1.0
8242778,9.43863,9.61681,9.72941,23.828,1.0
8253823,9.42521,9.60296,9.23133,23.8237,1.0
8264764,9.41319,9.5911,10.2389,23.838,1.0
8276541,9.40565,9.58293,10.9707,23.8051,1.0
8288193,9.40127,9.57877,7.52901,23.8237,1.0
8300584,9.39477,9.57225,9.80276,23.8394,1.0
8312202,9.38719,9.56419,9.62865,23.8123,1.0
8322765,9.37578,9.5528,4.26228,23.8294,1.0
8333822,9.35819,9.53462,11.4161,23.8137,1.0
8344911,9.34315,9.51966,9.82031,23.8423,1.0
8356779,9.33589,9.51152,11.3692,23.8051,1.0
8366765,9.3342,9.51051,8.75529,23.8409,1.0
8377821,9.33132,9.5077,7.72706,23.848,1.0
8388840,9.32585,9.50173,11.1391,23.8351,1.0
8400263,9.32586,9.50203,11.1394,23.8351,1.0
8410758,9.33312,9.50912,9.63761,23.8137,1.0
8421821,9.3426,9.51898,9.72058,23.8266,1.0
8432752,9.35324,9.52927,10.5477,23.8037,1.0
8444795,9.36955,9.54661,11.9803,23.8337,1.0
8454757,9.39441,9.57173,10.6817,23.8266,1.0
8465822,9.42697,9.60504,11.9879,23.8351,1.0
8476911,9.46606,9.64426,10.5809,23.8094,1.0
8488192,9.50717,9.68662,9.68369,23.8208,1.0
8498751,9.54716,9.72721,11.0753,23.8237,1.0
8509874,9.58814,9.76925,10.7646,23.8409,1.0
8520752,9.63081,9.81287,10.7648,23.8409,1.0
8530867,9.67212,9.85436,9.16352,23.8137,1.0
8541020,9.70616,9.88957,7.79526,23.8566,1.0
8552220,9.73055,9.91387,9.70179,23.8237,1.0
8562766,9.75045,9.93449,10.6984,23.8294,1.0
8573516,9.77097,9.95506,10.5811,23.8094,1.0
8584190,9.79127,9.97605,9.29861,23.8337,1.0
8596546,9.80753,9.99226,9.15405,23.8123,1.0
8606753,9.82133,10.0067,11.5478,23.838,1.0
8617752,9.83332,10.0187,6.63609,23.808,1.0
8628917,9.84291,10.0291,12.7381,23.8409,1.0
8640249,9.85361,10.0398,8.0993,23.8237,1.0
8650766,9.86026,10.0462,8.04405,23.8166,1.0
8661821,9.85825,10.0445,9.35563,23.8423,1.0
8672777,9.85422,10.0399,11.4085,23.8123,1.0
8682757,9.84999,10.0358,6.78127,23.8237,1.0
8693815,9.84065,10.0268,9.84813,23.8466,1.0
8704177,9.82725,10.013,9.30812,23.8351,1.0
8714751,9.81155,9.99687,8.70446,23.8337,1.0
8725138,9.79493,9.97995,11.1394,23.8351,1.0
8736246,9.77739,9.9615,5.9701,23.8123,1.0
8748608,9.75309,9.93704,8.59093,23.818,1.0
8758971,9.72451,9.90763,10.5647,23.8065,1.0
8769852,9.69679,9.87976,8.14316,23.8294,1.0
8780633,9.66698,9.8495,8.63261,23.8237,1.0
8792214,9.63464,9.8159,9.56341,23.8023,1.0
8802765,9.60323,9.78458,9.739,23.8294,1.0
8813826,9.57618,9.75665,10.9785,23.8065,1.0
8824767,9.55551,9.73648,9.9733,23.8666,1.0
8836527,9.53718,9.71711,7.98882,23.8094,1.0
8846766,9.51555,9.69506,8.69361,23.8323,1.0
8857800,9.4914,9.67012,9.62841,23.8123,1.0
8868823,9.46901,9.6478,10.1953,23.8308,1.0
8880270,9.44975,9.62824,9.22154,23.8223,1.0
8890765,9.43262,9.61024,9.99214,23.798,1.0
8901800,9.41597,9.59389,8.18714,23.8351,1.0
8912769,9.39813,9.57555,9.6378,23.8137,1.0
8924790,9.38013,9.55724,9.27946,23.8308,1.0
8934773,9.36339,9.53985,9.62856,23.8123,1.0
8945856,9.34909,9.52553,10.1777,23.828,1.0
8956822,9.33831,9.51434,9.64715,23.8151,1.0
8966780,9.33084,9.50705,10.2213,23.8351,1.0
8977801,9.3266,9.50283,9.75744,23.8323,1.0
8988740,9.32498,9.50149,9.88384,23.8523,1.0
9000449,9.32326,9.49935,8.17575,23.8337,1.0
9013012,9.32172,9.49727,11.3851,23.808,1.0
9024829,9.32519,9.50134,10.2213,23.8351,1.0
9037035,9.3347,9.51092,10.6904,23.828,1.0
9048766,9.3485,9.52505,10.2213,23.8351,1.0
9061014,9.36422,9.5411,9.36475,23.8437,1.0
9072775,9.37963,9.55653,10.1515,23.8237,1.0
9085025,9.39515,9.57257,9.79323,23.838,1.0
9097330,9.41125,9.58891,10.1601,23.8251,1.0
9107837,9.42781,9.60597,9.80281,23.8394,1.0
9118523,9.44401,9.62222,9.64734,23.8151,1.0
9129852,9.46099,9.6398,11.1235,23.8323,1.0
9142257,9.48188,9.66071,10.6654,23.8237,1.0
9153806,9.50561,9.68485,9.74757,23.8308,1.0
9165636,9.53045,9.71043,11.1233,23.8323,1.0
9177366,9.55814,9.73857,10.6904,23.828,1.0
9190066,9.58693,9.76781,9.26004,23.828,1.0
9201336,9.61718,9.7987,12.7094,23.8351,1.0
9213903,9.65282,9.83482,10.0985,23.8151,1.0
9225346,9.68856,9.87191,8.85635,23.8551,1.0
9235853,9.71796,9.90108,9.58236,23.8051,1.0
9246768,9.74071,9.925,8.71463,23.8351,1.0
9257339,9.75665,9.94057,9.13464,23.8094,1.0
9269625,9.76776,9.95229,10.2123,23.8337,1.0
9281350,9.77848,9.96297,10.7397,23.8366,1.0
9293602,9.79024,9.97481,9.71146,23.8251,1.0
9303815,9.80034,9.98561,9.32735,23.838,1.0
9314770,9.80745,9.99235,10.0544,23.808,1.0
9326185,9.81418,9.99969,10.7401,23.8366,1.0
9337315,9.82128,10.0064,9.17293,23.8151,1.0
9347824,9.82758,10.0132,10.7566,23.8394,1.0
9358753,9.83322,10.0187,9.23138,23.8237,1.0
9369341,9.83459,10.0206,7.70401,23.8451,1.0
9381915,9.83101,10.0168,11.1716,23.8409,1.0
9393372,9.82791,10.0137,9.71194,23.8251,1.0
9405894,9.82621,10.0121,10.2041,23.8323,1.0
9417339,9.82562,10.011,10.6151,23.8151,1.0
9429949,9.82658,10.0121,9.68369,23.8208,1.0
9441363,9.82765,10.0133,10.1954,23.8308,1.0
9453902,9.83054,10.0157,11.3379,23.7994,1.0
9465343,9.83743,10.023,10.2644,23.8423,1.0
9477598,9.84516,10.031,9.26009,23.828,1.0
9487845,9.8494,10.0351,9.20258,23.8194,1.0
9497806,9.84762,10.033,7.93281,23.8023,1.0
9510269,9.83709,10.0228,7.54041,23.8251,1.0
9521800,9.81705,10.0023,8.08852,23.8223,1.0
9533621,9.79159,9.97624,10.0367,23.8051,1.0
9543860,9.76946,9.95418,11.9804,23.8337,1.0
9554767,9.75522,9.93913,9.69304,23.8223,1.0
9565892,9.74328,9.92745,8.76523,23.8423,1.0
9577340,9.73018,9.9136,10.548,23.8037,1.0
9587826,9.72042,9.9042,11.1479,23.8366,1.0
9598769,9.71519,9.89864,9.26018,23.828,1.0
9609852,9.71168,9.89467,10.6733,23.8251,1.0
9622544,9.70896,9.89217,9.19262,23.818,1.0
9633801,9.70475,9.88757,9.06615,23.7994,1.0
9646569,9.70038,9.88361,11.548,23.838,1.0
9657800,9.69868,9.88199,8.67333,23.8294,1.0
9670585,9.69724,9.88099,10.3941,23.8637,1.0
9681368,9.69887,9.88208,11.9581,23.8294,1.0
9694558,9.70873,9.89174,11.0429,23.818,1.0
9705808,9.72434,9.90812,10.2731,23.8437,1.0
9717701,9.74068,9.92465,9.72951,23.828,1.0
9729373,9.75576,9.94026,10.2649,23.8423,1.0
9739888,9.76892,9.95301,9.17293,23.8151,1.0
9749981,9.77937,9.96379,10.107,23.8166,1.0
9761800,9.79119,9.9766,12.0546,23.848,1.0
9773691,9.80691,9.99186,9.08603,23.8023,1.0
9783850,9.82085,10.0065,9.28894,23.8323,1.0
9794771,9.82924,10.0144,9.10545,23.8051,1.0
9806212,9.83281,10.0187,9.44093,23.8551,1.0
9817800,9.83161,10.0168,8.58071,23.8166,1.0
9830307,9.82588,10.0112,9.72039,23.8266,1.0
9841801,9.81789,10.0034,9.77511,23.8351,1.0
9854226,9.80914,9.99388,9.54489,23.7994,1.0
9865802,9.80084,9.98602,10.732,23.8351,1.0
9878192,9.79309,9.97752,8.55981,23.8137,1.0
9889345,9.78023,9.96492,6.91098,23.838,1.0
9899817,9.75788,9.94228,8.15394,23.8308,1.0
9910757,9.72895,9.91235,9.09543,23.8037,1.0
9921801,9.70245,9.88614,12.4474,23.8537,1.0
9933925,9.68319,9.86576,8.18682,23.8351,1.0
9945375,9.6657,9.84862,9.9199,23.858,1.0
9957624,9.64755,9.82998,9.40304,23.8494,1.0
9969315,9.63022,9.81218,9.82977,23.8437,1.0
9981598,9.61397,9.79514,9.6834,23.8208,1.0
9991825,9.60089,9.78196,11.0753,23.8237,1.0
10002752,9.59705,9.77814,12.6817,23.8294,1.0
10014512,9.60266,9.78338,8.4867,23.8037,1.0
10025801,9.60893,9.79058,9.81166,23.8409,1.0
10035811,9.6142,9.79537,10.6485,23.8208,1.0
10046751,9.62189,9.80347,10.2296,23.8366,1.0
10057801,9.63161,9.81326,10.1684,23.8266,1.0
10069898,9.64174,9.82363,9.72044,23.8266,1.0
10079874,9.65096,9.83317,9.77492,23.8351,1.0
10090752,9.65918,9.84107,10.01,23.8008,1.0
10102512,9.66816,9.85096,10.7402,23.8366,1.0
10113800,9.68056,9.86312,11.0352,23.8166,1.0
10126525,9.69741,9.88054,10.7485,23.838,1.0
10137802,9.71694,9.90027,10.1776,23.828,1.0
10150234,9.73427,9.91815,8.16524,23.8323,1.0
10161801,9.74916,9.9339,12.1062,23.858,1.0
10174529,9.76834,9.95266,11.0593,23.8208,1.0
10185800,9.79288,9.97798,10.7567,23.8394,1.0
10198429,9.81499,10.0,6.78117,23.8237,1.0
10209851,9.82781,10.0135,9.2888,23.8323,1.0
10221880,9.83042,10.0162,6.92351,23.8394,1.0
10233331,9.82316,10.0084,8.58088,23.8166,1.0
10244767,9.80688,9.99206,7.63468,23.8366,1.0
10255831,9.7865,9.97139,11.0834,23.8251,1.0
10266771,9.7683,9.95294,9.80286,23.8394,1.0
10276766,9.75146,9.93552,8.63257,23.8237,1.0
10287816,9.73475,9.91875,11.2425,23.8537,1.0
10298752,9.7229,9.90642,10.6817,23.8266,1.0
10311676,9.71591,9.89898,9.63747,23.8137,1.0
10322779,9.71364,9.89695,12.3324,23.8308,1.0
10335510,9.71888,9.90242,10.1862,23.8294,1.0
10346767,9.72632,9.90962,8.56997,23.8151,1.0
10359315,9.72918,9.91267,9.21195,23.8208,1.0
10370778,9.72858,9.91204,10.1247,23.8194,1.0
10383332,9.72886,9.91271,10.7401,23.8366,1.0
10394871,9.73012,9.91378,8.65325,23.8266,1.0
10404767,9.73298,9.91714,12.4047,23.8451,1.0
10415861,9.73904,9.92265,7.9555,23.8051,1.0
10426768,9.74279,9.92699,9.37481,23.8451,1.0
10436821,9.74281,9.92697,10.2473,23.8394,1.0
10447828,9.73948,9.92347,6.78144,23.8237,1.0
10458341,9.72833,9.91213,8.64268,23.8251,1.0
10468768,9.71267,9.8958,10.6486,23.8208,1.0
10479000,9.69824,9.88132,9.24081,23.8251,1.0
10490363,9.68634,9.86932,11.0756,23.8237,1.0
10503018,9.67973,9.86342,10.9539,23.8737,1.0
10514360,9.68013,9.86251,10.9947,23.8094,1.0
10526997,9.68368,9.86629,8.66304,23.828,1.0
10538336,9.68716,9.86996,11.0754,23.8237,1.0
10548911,9.69141,9.87441,9.27946,23.8308,1.0
10559854,9.69514,9.8779,9.68345,23.8208,1.0
10570785,9.697,9.87976,9.71141,23.8251,1.0
10583435,9.69774,9.88091,9.7118,23.8251,1.0
10594771,9.69501,9.87813,7.54048,23.8251,1.0
10607317,9.68722,9.86978,10.1337,23.8208,1.0
10618766,9.67667,9.85927,8.63252,23.8237,1.0
10631422,9.6637,9.84601,9.25072,23.8266,1.0
10642347,9.65068,9.83259,11.0429,23.818,1.0
10654681,9.64276,9.82492,10.6657,23.8237,1.0
10664840,9.64211,9.82415,11.5174,23.8323,1.0
10675811,9.64679,9.82888,9.23147,23.8237,1.0
10686753,9.65448,9.83718,11.6249,23.8523,1.0
10698347,9.6655,9.8479,9.6288,23.8123,1.0
10708767,9.67858,9.86126,10.7151,23.8323,1.0
10719854,9.69351,9.8766,10.6905,23.828,1.0
10730766,9.70819,9.8915,8.11067,23.8251,1.0
10743328,9.71732,9.90079,9.23152,23.8237,1.0
10754761,9.72078,9.90422,9.21204,23.8208,1.0
10767578,9.72367,9.90744,11.579,23.8437,1.0
10778770,9.73064,9.91449,10.2557,23.8409,1.0
10788917,9.7401,9.92432,9.82996,23.8437,1.0
10799812,9.74903,9.93302,10.1072,23.8166,1.0
10810522,9.75709,9.94123,9.71165,23.8251,1.0
10823008,9.76507,9.9496,10.7567,23.8394,1.0
10834340,9.77514,9.95942,10.6734,23.8251,1.0
10844768,9.78891,9.97381,11.1554,23.838,1.0
10855818,9.80583,9.99108,10.1954,23.8308,1.0
10866767,9.82042,10.006,7.61134,23.8337,1.0
10879499,9.82792,10.0136,9.80276,23.8394,1.0
10890753,9.83154,10.017,10.186,23.8294,1.0
10903513,9.8371,10.0229,11.5175,23.8323,1.0
10914343,9.84296,10.0287,6.7813,23.8237,1.0
10924772,9.84276,10.0287,9.73905,23.8294,1.0
10935027,9.8378,10.0235,9.70213,23.8237,1.0
10946765,9.83309,10.0188,10.7319,23.8351,1.0
10958679,9.82941,10.0148,9.23138,23.8237,1.0
10968753,9.82229,10.0075,7.62232,23.8351,1.0
10979816,9.80839,9.99367,9.26954,23.8294,1.0
10991425,9.7909,9.9757,9.72054,23.8266,1.0
11002754,9.77582,9.96051,11.5405,23.8366,1.0
11012772,9.76864,9.95319,11.494,23.828,1.0
11023824,9.76915,9.95361,10.1778,23.828,1.0
11034377,9.77259,9.95676,10.0984,23.8151,1.0
11044768,9.77875,9.96366,11.6248,23.8523,1.0
11054757,9.78881,9.97343,9.64725,23.8151,1.0
11066348,9.79981,9.98512,10.308,23.8494,1.0
11076767,9.80787,9.99302,8.11063,23.8251,1.0
11087322,9.81206,9.9975,10.7487,23.838,1.0
11098355,9.81278,9.9977,7.55245,23.8266,1.0
11110736,9.80971,9.99492,10.6818,23.8266,1.0
11120849,9.80631,9.99123,10.2294,23.8366,1.0
11131811,9.80507,9.9898,10.1682,23.8266,1.0
11142723,9.80346,9.98932,8.95627,23.8694,1.0
11154355,9.7981,9.98328,8.73494,23.838,1.0
11164767,9.78674,9.97183,8.19779,23.8366,1.0
11175846,9.77224,9.95686,11.0834,23.8251,1.0
11186768,9.75995,9.94414,9.74772,23.8308,1.0
11198690,9.7535,9.93789,12.3252,23.8294,1.0
11208766,9.75486,9.9392,10.1779,23.828,1.0
11219812,9.76001,9.94452,9.75753,23.8323,1.0
11230766,9.7655,9.94972,10.6983,23.8294,1.0
11242378,9.77523,9.95986,12.01,23.8394,1.0
11252752,9.78815,9.97295,7.52901,23.8237,1.0
11263818,9.79803,9.98312,10.6986,23.8294,1.0
11274759,9.80503,9.99012,9.20276,23.8194,1.0
11286673,9.81083,9.99643,10.3938,23.8637,1.0
11296752,9.81586,10.0014,9.81166,23.8409,1.0
11307845,9.82007,10.0055,9.74786,23.8308,1.0
11318766,9.81998,10.0051,7.44569,23.8137,1.0
11328893,9.81277,9.99827,9.30816,23.8351,1.0
11339812,9.80065,9.98578,9.2888,23.8323,1.0
11350778,9.78545,9.97019,8.65329,23.8266,1.0
11361821,9.77107,9.9555,12.2964,23.8237,1.0
11373821,9.76162,9.94524,8.46553,23.8008,1.0
11387334,9.75389,9.9379,10.6151,23.8151,1.0
11397828,9.74461,9.92825,7.94462,23.8037,1.0
11411240,9.73143,9.91468,9.11488,23.8065,1.0
11423816,9.71448,9.89812,9.36489,23.8437,1.0
11435159,9.69647,9.87905,9.60983,23.8094,1.0
11447817,9.67996,9.86247,10.6654,23.8237,1.0
11459160,9.66348,9.84551,6.71536,23.8166,1.0
11469877,9.64392,9.82571,10.6653,23.8237,1.0
11481752,9.62244,9.80392,7.50508,23.8208,1.0
11492753,9.60118,9.78207,11.3927,23.8094,1.0
11503818,9.58446,9.76517,10.1338,23.8208,1.0
11515165,9.56737,9.74787,4.04873,23.8151,1.0
11527484,9.54309,9.72336,10.6657,23.8237,1.0
11537820,9.52101,9.70084,11.4634,23.8223,1.0
11549871,9.50829,9.68814,10.2391,23.838,1.0
11563240,9.50088,9.68002,9.66571,23.818,1.0
11573827,9.49616,9.675,10.556,23.8051,1.0
11587147,9.49827,9.67745,12.2962,23.8237,1.0
11599874,9.50725,9.68658,8.0227,23.8137,1.0
11611141,9.5156,9.69477,9.9835,23.7965,1.0
11623522,9.51935,9.69919,7.56419,23.828,1.0
11635149,9.51859,9.69816,10.0809,23.8123,1.0
11645821,9.51536,9.6956,8.86621,23.8566,1.0
11657820,9.51022,9.68961,9.18318,23.8166,1.0
11668767,9.50139,9.68101,8.16536,23.8323,1.0
11679875,9.48789,9.66732,8.72443,23.8366,1.0
11691159,9.47007,9.64837,8.4969,23.8051,1.0
11703800,9.45016,9.6286,9.78442,23.8366,1.0
11713826,9.42981,9.60733,8.48675,23.8037,1.0
11725820,9.40902,9.58652,9.68359,23.8208,1.0
11739162,9.39111,9.56795,10.9457,23.8008,1.0
11749870,9.3826,9.55972,11.9502,23.828,1.0
11763143,9.38556,9.56257,10.6487,23.8208,1.0
11775526,9.39483,9.57177,9.58226,23.8051,1.0
11787157,9.40886,9.58654,12.325,23.8294,1.0
11799490,9.4318,9.60978,11.0593,23.8208,1.0
11811153,9.46117,9.63971,10.0461,23.8065,1.0
11821821,9.49215,9.67179,10.749,23.838,1.0
11835148,9.52261,9.70181,9.04624,23.7965,1.0
11845824,9.5484,9.7286,8.66317,23.828,1.0
11859159,9.56969,9.74995,10.9458,23.8008,1.0
11869874,9.59205,9.77308,10.6569,23.8223,1.0
11883145,9.6148,9.79649,8.66338,23.828,1.0
11893821,9.63209,9.814,8.61192,23.8208,1.0
11905820,9.64507,9.82746,11.1396,23.8351,1.0
11916772,9.65888,9.84145,9.80286,23.8394,1.0
11928146,9.67619,9.85907,12.0173,23.8409,1.0
11939240,9.69631,9.87902,8.49703,23.8051,1.0
11951514,9.71374,9.8968,9.60998,23.8094,1.0
11961819,9.72616,9.90988,9.30803,23.8351,1.0
11973830,9.73312,9.91665,8.03336,23.8151,1.0
11984751,9.73321,9.9169,9.2214,23.8223,1.0
11995317,9.73269,9.91623,12.2454,23.8137,1.0
12005820,9.73937,9.92344,10.7487,23.838,1.0
12017821,9.7514,9.93548,10.1601,23.8251,1.0
12028753,9.76421,9.94848,10.1601,23.8251,1.0
12040379,9.77561,9.96005,9.20267,23.8194,1.0
12051158,9.78509,9.96967,10.6238,23.8166,1.0
12064352,9.79232,9.97744,8.22997,23.8409,1.0
12075838,9.7976,9.98252,11.4707,23.8237,1.0
12088340,9.80547,9.99052,10.7231,23.8337,1.0
12099240,9.81481,9.9995,8.47654,23.8023,1.0
12109872,9.81816,10.0032,8.0777,23.8208,1.0
12123159,9.81305,9.99852,8.67333,23.8294,1.0
12136130,9.8055,9.99029,11.8082,23.8008,1.0
12147155,9.80197,9.98713,9.72068,23.8266,1.0
12157820,9.80079,9.98555,10.028,23.8037,1.0
12169871,9.80123,9.98666,11.2191,23.8494,1.0
12180840,9.80307,9.98844,8.27334,23.8466,1.0
12191826,9.80398,9.98932,11.1876,23.8437,1.0
12201821,9.80324,9.98826,7.54037,23.8251,1.0
12213827,9.79746,9.98217,9.10563,23.8051,1.0
12225819,9.78826,9.97323,10.7567,23.8394,1.0
12237822,9.77993,9.96399,9.09515,23.8037,1.0
12251162,9.7702,9.95443,9.0758,23.8008,1.0
12263796,9.75919,9.94347,10.7232,23.8337,1.0
12275236,9.74888,9.93332,8.77519,23.8437,1.0
12287844,9.73765,9.92186,9.82055,23.8423,1.0
12299222,9.72555,9.90904,9.69318,23.8223,1.0
12309874,9.71437,9.89782,10.2038,23.8323,1.0
12321819,9.70711,9.89024,11.4706,23.8237,1.0
12332752,9.70381,9.88668,8.48691,23.8037,1.0
12343811,9.69893,9.88214,9.32721,23.838,1.0
12355139,9.69234,9.87514,10.565,23.8065,1.0
12367793,9.68602,9.86865,8.61166,23.8208,1.0
12377827,9.67589,9.85807,7.9553,23.8051,1.0
12389871,9.66167,9.84365,10.581,23.8094,1.0
12403221,9.64914,9.83126,10.2212,23.8351,1.0
12413819,9.63853,9.8204,8.69366,23.8323,1.0
12427158,9.62794,9.81001,10.7155,23.8323,1.0
12440291,9.61942,9.80103,9.72058,23.8266,1.0
12451846,9.61441,9.79565,10.9459,23.8008,1.0
12463464,9.61241,9.79383,9.30789,23.8351,1.0
12475157,9.61066,9.79152,9.56345,23.8023,1.0
12485819,9.6091,9.79052,10.6818,23.8266,1.0
12496767,9.60898,9.79012,9.09543,23.8037,1.0
12507945,9.61012,9.79148,11.0515,23.8194,1.0
12518752,9.6141,9.79526,10.0187,23.8023,1.0
12530753,9.62038,9.80173,10.0459,23.8065,1.0
12542766,9.62569,9.80758,8.78555,23.8451,1.0
12554781,9.62736,9.80869,9.13451,23.8094,1.0
12566772,9.62533,9.80741,9.41296,23.8509,1.0
12578765,9.62081,9.80221,9.17302,23.8151,1.0
12590758,9.61306,9.79425,8.53904,23.8108,1.0
12602755,9.6053,9.78645,11.9128,23.8208,1.0
12613821,9.60597,9.78688,11.8154,23.8023,1.0
12624964,9.61621,9.798,10.2215,23.8351,1.0
12635969,9.62669,9.80801,7.38575,23.8065,1.0
12646766,9.63155,9.81335,10.1861,23.8294,1.0
12657832,9.63262,9.81444,8.61184,23.8208,1.0
12668768,9.63229,9.8142,10.6818,23.8266,1.0
12680679,9.63149,9.81335,8.68386,23.8308,1.0
12691944,9.62822,9.80965,9.08589,23.8023,1.0
12702768,9.62245,9.80406,10.1248,23.8194,1.0
12714753,9.61694,9.79822,9.59141,23.8065,1.0
12725821,9.61119,9.7927,9.26949,23.8294,1.0
12737150,9.60606,9.78704,10.9621,23.8037,1.0
12747955,9.60263,9.78388,8.63257,23.8237,1.0
12758768,9.59844,9.78004,9.86564,23.8494,1.0
12770767,9.59272,9.7735,9.19239,23.818,1.0
12782878,9.58629,9.76749,9.83859,23.8451,1.0
12796122,9.57917,9.75998,9.15442,23.8123,1.0
12806781,9.57265,9.7537,10.7236,23.8337,1.0
12819936,9.57003,9.75081,10.6986,23.8294,1.0
12830765,9.5695,9.74987,7.95546,23.8051,1.0
12841752,9.56592,9.74617,9.67449,23.8194,1.0
12852757,9.56082,9.74109,10.0808,23.8123,1.0
12864296,9.55757,9.7379,10.1248,23.8194,1.0
12875966,9.55593,9.73623,9.56393,23.8023,1.0
12885825,9.55579,9.7364,10.6491,23.8208,1.0
12897273,9.55769,9.7376,9.52605,23.7965,1.0
12908891,9.562,9.74244,11.0754,23.8237,1.0
12921285,9.57012,9.75135,10.2992,23.848,1.0
12932757,9.57996,9.76069,9.11519,23.8065,1.0
12942769,9.58665,9.76817,8.79567,23.8466,1.0
12955951,9.5917,9.77222,11.3768,23.8065,1.0
12966753,9.60274,9.7837,11.9126,23.8208,1.0
12979962,9.61851,9.80001,7.50515,23.8208,1.0
12990766,9.6288,9.81026,8.50795,23.8065,1.0
13003958,9.63256,9.8144,10.1249,23.8194,1.0
13014768,9.63259,9.81469,7.6227,23.8351,1.0
13026765,9.62721,9.80921,9.30816,23.8351,1.0
13037821,9.62095,9.80254,11.5018,23.8294,1.0
13048763,9.6188,9.80038,9.20276,23.8194,1.0
13059958,9.61568,9.79698,8.05558,23.818,1.0
13070765,9.60973,9.79106,11.0915,23.8266,1.0
13081821,9.6064,9.78756,10.1247,23.8194,1.0
13092766,9.606,9.78747,9.66604,23.818,1.0
13104927,9.60377,9.78511,8.13268,23.828,1.0
13116124,9.59744,9.7785,9.6658,23.818,1.0
13126774,9.58668,9.76737,7.39838,23.808,1.0
13140131,9.57292,9.75429,10.8881,23.8623,1.0
13150766,9.5627,9.74299,10.9864,23.808,1.0
13164127,9.55801,9.73851,9.26949,23.8294,1.0
13174778,9.55362,9.73383,9.18318,23.8166,1.0
13188099,9.54761,9.72792,9.70223,23.8237,1.0
13198876,9.54135,9.72142,9.65628,23.8166,1.0
13210758,9.53673,9.7165,10.5981,23.8123,1.0
13221828,9.53234,9.71207,7.50504,23.8208,1.0
13232757,9.52363,9.70291,9.07553,23.8008,1.0
13243954,9.51412,9.69351,11.4549,23.8208,1.0
13254757,9.50916,9.68826,9.13451,23.8094,1.0
13265828,9.5072,9.68641,10.6814,23.8266,1.0
13276753,9.50867,9.68777,10.5309,23.8008,1.0
13288838,9.51767,9.69743,12.3325,23.8308,1.0
13299955,9.53747,9.71768,11.5325,23.8351,1.0
13309879,9.56462,9.74552,9.8837,23.8523,1.0
13320766,9.59204,9.77354,9.85694,23.848,1.0
13330768,9.61608,9.79721,9.0559,23.798,1.0
13342771,9.63951,9.82141,12.2672,23.818,1.0
13353828,9.66513,9.84735,8.45572,23.7994,1.0
13364772,9.6894,9.87239,10.6657,23.8237,1.0
13374754,9.7094,9.89262,8.03348,23.8151,1.0
13386784,9.7218,9.9054,8.09926,23.8237,1.0
13397850,9.72852,9.91188,11.4317,23.8166,1.0
13408321,9.73447,9.91839,8.04436,23.8166,1.0
13418753,9.73475,9.91889,7.5766,23.8294,1.0
13430770,9.72831,9.91198,10.6656,23.8237,1.0
13441827,9.72206,9.90537,10.063,23.8094,1.0
13452757,9.7169,9.89987,9.11488,23.8065,1.0
13464798,9.70832,9.89154,8.11059,23.8251,1.0
13475958,9.69741,9.88007,11.3618,23.8037,1.0
13486771,9.68756,9.87041,8.12122,23.8266,1.0
13500023,9.67704,9.85981,10.1954,23.8308,1.0
13510882,9.6674,9.8497,10.6069,23.8137,1.0
13522752,9.65976,9.84204,8.63252,23.8237,1.0
13533832,9.64812,9.82987,7.42153,23.8108,1.0
13544759,9.62585,9.80755,5.20494,23.8151,1.0
13555955,9.59302,9.77418,9.30798,23.8351,1.0
13566770,9.55292,9.73304,5.23907,23.818,1.0
13577828,9.50743,9.68653,10.0543,23.808,1.0
13588769,9.46344,9.64201,10.1685,23.8266,1.0
13601026,9.42383,9.60154,8.0884,23.8223,1.0
13612767,9.38448,9.56113,9.08571,23.8023,1.0
13625354,9.34817,9.52464,11.1155,23.8308,1.0
13636377,9.32008,9.49558,10.01,23.8008,1.0
13646765,9.30016,9.47566,10.6817,23.8266,1.0
13657434,9.2852,9.46021,8.55994,23.8137,1.0
13668376,9.27368,9.44908,11.1877,23.8437,1.0
13681036,9.26564,9.44055,8.17567,23.8337,1.0
13692839,9.25942,9.43392,10.5811,23.8094,1.0
13705054,9.25793,9.43276,11.1233,23.8323,1.0
13716766,9.26124,9.43544,7.92181,23.8008,1.0
13729015,9.26265,9.43732,9.20258,23.8194,1.0
13740911,9.26129,9.43623,9.30803,23.8351,1.0
13752711,9.2582,9.43251,8.45551,23.7994,1.0
13764470,9.2552,9.42982,11.0993,23.828,1.0
13774770,9.25579,9.43029,9.20254,23.8194,1.0
13785829,9.26106,9.43584,11.432,23.8166,1.0
13796766,9.27437,9.44963,11.5096,23.8308,1.0
13809338,9.29707,9.47281,10.7401,23.8366,1.0
13820910,9.3242,9.49999,9.63756,23.8137,1.0
13832720,9.35073,9.52676,9.57252,23.8037,1.0
13842850,9.37311,9.55005,8.17567,23.8337,1.0
13853827,9.38987,9.56652,9.56341,23.8023,1.0
13864747,9.40204,9.57946,8.6532,23.8266,1.0
13876482,9.41198,9.58938,10.5561,23.8051,1.0
13888739,9.42136,9.59954,8.76531,23.8423,1.0
13900386,9.42934,9.60754,9.84798,23.8466,1.0
13912703,9.436,9.61362,9.54479,23.7994,1.0
13924720,9.43881,9.61666,6.66195,23.8108,1.0
13936686,9.43333,9.6112,8.59088,23.818,1.0
13948373,9.42201,9.59954,9.20244,23.8194,1.0
13960703,9.40973,9.58738,9.75729,23.8323,1.0
13970752,9.3993,9.57667,10.0809,23.8123,1.0
13981828,9.39115,9.56866,9.27965,23.8308,1.0
13993720,9.38836,9.56522,12.5759,23.808,1.0
14004753,9.39494,9.57227,9.73891,23.8294,1.0
14016719,9.40744,9.5851,10.6818,23.8266,1.0
14028491,9.42074,9.59861,8.63261,23.8237,1.0
14038753,9.43176,9.6095,9.59136,23.8065,1.0
14049399,9.44116,9.6195,10.1863,23.8294,1.0
14060468,9.44861,9.62693,7.4937,23.8194,1.0
14073008,9.45174,9.63016,10.1425,23.8223,1.0
14084753,9.45409,9.63249,10.1163,23.818,1.0
14097012,9.45823,9.63656,9.6472,23.8151,1.0
14108768,9.46523,9.64355,11.4397,23.818,1.0
14121020,9.47744,9.65616,10.1775,23.828,1.0
14132481,9.49302,9.67192,10.1161,23.818,1.0
14144726,9.50894,9.68859,9.71185,23.8251,1.0
14156378,9.52185,9.70132,8.02258,23.8137,1.0
14168695,9.53139,9.71129,11.1077,23.8294,1.0
14178752,9.54364,9.72354,10.9623,23.8037,1.0
14188770,9.56009,9.74073,9.7391,23.8294,1.0
14200712,9.57649,9.75717,9.67473,23.8194,1.0
14212364,9.58937,9.77002,8.47671,23.8023,1.0
14224757,9.59949,9.78043,11.0913,23.8266,1.0
14234868,9.61241,9.79365,11.0267,23.8151,1.0
14245828,9.63172,9.81354,11.4788,23.8251,1.0
14257096,9.65849,9.84056,11.8531,23.8094,1.0
14268754,9.69296,9.87589,11.432,23.8166,1.0
14280727,9.73276,9.91623,11.0429,23.818,1.0
14292379,9.77401,9.95854,10.1517,23.8237,1.0
14302753,9.81466,10.0003,11.1794,23.8423,1.0
14313901,9.85096,10.0368,6.74212,23.8194,1.0
14324768,9.87609,10.0626,8.65329,23.8266,1.0
14337542,9.89089,10.0771,9.58222,23.8051,1.0
14348766,9.89824,10.085,7.57626,23.8294,1.0
14358869,9.89896,10.0853,10.5137,23.798,1.0
14369793,9.89495,10.0819,7.57642,23.8294,1.0
14380502,9.88558,10.072,9.67463,23.8194,1.0
14392695,9.87203,10.058,9.12438,23.808,1.0
14404370,9.85595,10.0421,9.25091,23.8266,1.0
14414772,9.83772,10.0233,9.60123,23.808,1.0
14426083,9.82023,10.006,10.7569,23.8394,1.0
14437831,9.80868,9.99368,11.8381,23.8065,1.0
14449970,9.8043,9.98953,9.71185,23.8251,1.0
14461827,9.8019,9.98674,9.67463,23.8194,1.0
14473921,9.79676,9.98143,8.50799,23.8065,1.0
14484827,9.7915,9.97629,12.2742,23.8194,1.0
14494753,9.78558,9.96999,2.53147,23.8065,1.0
14505827,9.7704,9.95511,9.26968,23.8294,1.0
14516757,9.74542,9.9296,6.9369,23.8409,1.0
14528682,9.71504,9.89841,9.72054,23.8266,1.0
14538753,9.68407,9.86654,10.0721,23.8108,1.0
14549879,9.65388,9.83629,7.64604,23.838,1.0
14561320,9.6172,9.7986,5.3231,23.8251,1.0
14572841,9.56954,9.74969,7.36144,23.8037,1.0
14585299,9.51375,9.69323,7.52889,23.8237,1.0
14596772,9.45589,9.63364,10.0011,23.7994,1.0
14609303,9.40155,9.57915,9.23161,23.8237,1.0
14620822,9.35232,9.52908,9.73915,23.8294,1.0
14633348,9.3097,9.48568,10.7234,23.8337,1.0
14644381,9.27477,9.44992,9.25091,23.8266,1.0
14654756,9.24879,9.42318,12.2378,23.8123,1.0
14665828,9.23349,9.4078,9.24081,23.8251,1.0
14676757,9.22448,9.3983,10.0543,23.808,1.0
14688999,9.21914,9.39326,10.2472,23.8394,1.0
14700822,9.21936,9.39342,10.6321,23.818,1.0
14713060,9.22445,9.39837,9.56379,23.8023,1.0
14725351,9.2316,9.40566,9.6835,23.8208,1.0
14737619,9.23874,9.41312,9.23147,23.8237,1.0
14749340,9.24815,9.42291,11.5251,23.8337,1.0
14759854,9.26157,9.43653,8.67324,23.8294,1.0
14770769,9.2785,9.45375,11.9359,23.8251,1.0
14781337,9.30053,9.47638,9.76637,23.8337,1.0
14794267,9.32562,9.50167,10.1249,23.8194,1.0
14805828,9.35177,9.52831,10.6401,23.8194,1.0
14815858,9.38069,9.55771,10.6488,23.8208,1.0
14826753,9.41083,9.58877,9.29894,23.8337,1.0
14837332,9.43604,9.614,7.43418,23.8123,1.0
14849969,9.45386,9.63237,10.1602,23.8251,1.0
14861827,9.4662,9.64485,7.4937,23.8194,1.0
14871826,9.47105,9.64988,8.11067,23.8251,1.0
14882766,9.47049,9.6492,10.632,23.818,1.0
14893828,9.46754,9.64614,6.70271,23.8151,1.0
14906563,9.45994,9.63867,9.8654,23.8494,1.0
14917827,9.45197,9.63051,10.7486,23.838,1.0
14930649,9.44899,9.62733,10.1686,23.8266,1.0
14941370,9.45199,9.6303,11.455,23.8208,1.0
14951826,9.46004,9.6383,9.10554,23.8051,1.0
14963000,9.46866,9.64737,9.73891,23.8294,1.0
14973829,9.47779,9.65624,10.9542,23.8023,1.0
14983839,9.48855,9.66769,8.69374,23.8323,1.0
14994736,9.49753,9.67647,9.62851,23.8123,1.0
15005334,9.50434,9.68397,9.75748,23.8323,1.0
15015824,9.50934,9.68892,8.69379,23.8323,1.0
15025945,9.51087,9.69041,9.26013,23.828,1.0
15035824,9.51041,9.68958,10.0806,23.8123,1.0
15046781,9.51058,9.69023,9.75739,23.8323,1.0
15058172,9.51143,9.69087,9.68359,23.8208,1.0
15069879,9.50846,9.68802,6.17537,23.8323,1.0
15081909,9.49886,9.67824,10.2038,23.8323,1.0
15093338,9.48982,9.66889,11.0593,23.8208,1.0
15103811,9.48447,9.66368,8.12138,23.8266,1.0
15114758,9.47653,9.65542,8.58105,23.8166,1.0
15125829,9.46699,9.64586,11.1715,23.8409,1.0
15137606,9.45895,9.63751,7.54041,23.8251,1.0
15147811,9.44852,9.62717,9.29894,23.8337,1.0
15157829,9.43518,9.61318,9.13478,23.8094,1.0
15167811,9.42241,9.60048,10.2557,23.8409,1.0
15178751,9.41496,9.59301,11.5562,23.8394,1.0
15189884,9.4177,9.59541,11.5173,23.8323,1.0
15201598,9.42943,9.60734,10.1952,23.8308,1.0
15211824,9.44507,9.62317,10.1423,23.8223,1.0
15222768,9.46266,9.64099,10.6149,23.8151,1.0
15233968,9.48237,9.6611,10.0366,23.8051,1.0
15245828,9.50387,9.68349,10.7321,23.8351,1.0
15257580,9.52854,9.70832,11.0832,23.8251,1.0
15269336,9.55416,9.73454,8.22976,23.8409,1.0
15279810,9.57726,9.75799,11.0754,23.8237,1.0
15290757,9.60159,9.78256,11.0026,23.8108,1.0
15301828,9.62865,9.81058,9.79333,23.838,1.0
15313932,9.6556,9.83751,10.5811,23.8094,1.0
15325391,9.68299,9.8661,10.7488,23.838,1.0
15337927,9.71017,9.89357,9.2409,23.8251,1.0
15349344,9.73451,9.91822,10.247,23.8394,1.0
15361943,9.75603,9.94013,9.66585,23.818,1.0
15373363,9.77422,9.95885,9.30803,23.8351,1.0
15385625,9.78828,9.97322,9.79333,23.838,1.0
15397354,9.7987,9.98375,9.28876,23.8323,1.0
15407805,9.80703,9.99206,10.707,23.8308,1.0
15418766,9.81332,9.9985,8.12118,23.8266,1.0
15429884,9.81256,9.99762,7.50508,23.8208,1.0
15442198,9.80222,9.98734,8.69379,23.8323,1.0
15453829,9.78519,9.96993,8.65329,23.8266,1.0
15466348,9.76609,9.95083,10.7569,23.8394,1.0
15477828,9.74845,9.93234,9.12461,23.808,1.0
15489599,9.72954,9.91323,8.18702,23.8351,1.0
15501318,9.70713,9.89049,9.75739,23.8323,1.0
15513602,9.68471,9.86715,10.0365,23.8051,1.0
15525320,9.66796,9.85063,12.0023,23.838,1.0
15535808,9.66119,9.84362,11.0833,23.8251,1.0
15545930,9.66232,9.84503,10.2558,23.8409,1.0
15557335,9.66666,9.84919,10.1953,23.8308,1.0
15569583,9.67199,9.85478,9.81161,23.8409,1.0
15579792,9.67827,9.86107,10.6905,23.828,1.0
15590767,9.68713,9.86978,10.5813,23.8094,1.0
15602764,9.69863,9.88183,10.2213,23.8351,1.0
15613752,9.7106,9.89387,9.71165,23.8251,1.0
15626533,9.71934,9.903,8.26202,23.8451,1.0
15637828,9.72209,9.90555,9.23142,23.8237,1.0
15650280,9.71935,9.90277,8.70433,23.8337,1.0
15661827,9.71218,9.8953,9.23129,23.8237,1.0
15674260,9.70349,9.88636,10.5811,23.8094,1.0
15685338,9.69848,9.88164,11.1233,23.8323,1.0
15695792,9.70013,9.88327,11.0917,23.8266,1.0
15706757,9.70529,9.88867,8.71441,23.8351,1.0
15717828,9.70826,9.89113,9.55462,23.8008,1.0
15729576,9.70772,9.89081,9.21195,23.8208,1.0
15739790,9.70487,9.88817,9.74786,23.8308,1.0
15750753,9.70025,9.88337,9.24081,23.8251,1.0
15762512,9.69473,9.87784,10.2297,23.8366,1.0
15773847,9.6884,9.87143,8.66334,23.828,1.0
15786200,9.68257,9.86545,11.5405,23.8366,1.0
15797827,9.67842,9.86079,8.00023,23.8108,1.0
15810243,9.67441,9.8572,11.1234,23.8323,1.0
15821835,9.67265,9.85543,10.2298,23.8366,1.0
15832769,9.67288,9.85535,9.08607,23.8023,1.0
15843043,9.67286,9.8559,10.7403,23.8366,1.0
15854511,9.67225,9.85471,8.14312,23.8294,1.0
15867029,9.66913,9.85154,10.1163,23.818,1.0
15878512,9.66419,9.8467,9.25091,23.8266,1.0
15891093,9.65904,9.8415,10.1863,23.8294,1.0
15902757,9.65584,9.83848,10.7489,23.838,1.0
15912825,9.65532,9.83778,9.35563,23.8423,1.0
15923809,9.65948,9.84239,12.8562,23.8651,1.0
15934780,9.6754,9.85785,12.2741,23.8194,1.0
15947338,9.70076,9.88402,9.35558,23.8423,1.0
15958756,9.72313,9.90709,7.71605,23.8466,1.0
15972132,9.73576,9.91928,8.63235,23.8237,1.0
15983792,9.73793,9.92168,6.88497,23.8351,1.0
15995304,9.72987,9.91327,8.63235,23.8237,1.0
16006767,9.71646,9.89999,10.2213,23.8351,1.0
16018727,9.70474,9.88794,10.6737,23.8251,1.0
16028752,9.6969,9.8806,9.95607,23.8637,1.0
16039805,9.69276,9.87565,11.0353,23.8166,1.0
16050764,9.69234,9.87576,9.83006,23.8437,1.0
16062344,9.69263,9.87558,9.23147,23.8237,1.0
16072775,9.69037,9.8733,9.24081,23.8251,1.0
16083807,9.68705,9.87001,10.7072,23.8308,1.0
16094370,9.68273,9.8654,7.43421,23.8123,1.0
16107414,9.67476,9.8574,10.1601,23.8251,1.0
16118769,9.66731,9.84978,11.0755,23.8237,1.0
16131674,9.66352,9.84556,9.1055,23.8051,1.0
16142866,9.65921,9.84172,9.26958,23.8294,1.0
16152771,9.64949,9.83175,6.76872,23.8223,1.0
16163791,9.63301,9.81501,9.71185,23.8251,1.0
16174876,9.61441,9.79612,9.75748,23.8323,1.0
16186740,9.6,9.78144,11.5635,23.8409,1.0
16196767,9.59144,9.77243,9.23142,23.8237,1.0
16207798,9.58615,9.76699,10.6487,23.8208,1.0
16219645,9.58499,9.76586,11.0754,23.8237,1.0
16230751,9.58749,9.76843,8.66317,23.828,1.0
16240841,9.5894,9.77062,10.1955,23.8308,1.0
16251808,9.5902,9.77133,9.2409,23.8251,1.0
16262779,9.58938,9.77033,9.19262,23.818,1.0
16274893,9.58699,9.76799,10.1517,23.8237,1.0
16284765,9.58568,9.76671,10.1687,23.8266,1.0
16295832,9.58477,9.76587,8.69387,23.8323,1.0
16307038,9.58429,9.76519,11.4863,23.8266,1.0
16318768,9.586,9.76682,8.58092,23.8166,1.0
16328767,9.58831,9.76939,10.6657,23.8237,1.0
16339792,9.59066,9.77172,9.20276,23.8194,1.0
16350770,9.59054,9.77149,8.11055,23.8251,1.0
16362710,9.58947,9.77062,12.3105,23.8266,1.0
16372766,9.59595,9.7771,11.0833,23.8251,1.0
16383791,9.6086,9.79008,9.27951,23.8308,1.0
16395072,9.62172,9.80347,10.6986,23.8294,1.0
16406757,9.63654,9.81836,10.707,23.8308,1.0
16416924,9.65087,9.83303,7.55267,23.8266,1.0
16427793,9.65952,9.84196,9.76618,23.8337,1.0
16438771,9.66549,9.8478,10.6238,23.8166,1.0
16450847,9.67461,9.85729,11.0833,23.8251,1.0
16460911,9.6885,9.87147,10.7319,23.8351,1.0
16471805,9.70483,9.88791,9.70203,23.8237,1.0
16483117,9.7205,9.90408,10.1517,23.8237,1.0
16494757,9.73604,9.91986,10.6818,23.8266,1.0
16507690,9.75373,9.93852,10.8881,23.8623,1.0
16518756,9.77194,9.95706,8.89606,23.8609,1.0
16531582,9.7872,9.97189,10.1685,23.8266,1.0
16542768,9.80228,9.98734,11.5174,23.8323,1.0
16552766,9.81942,10.0046,9.21195,23.8208,1.0
16563796,9.83514,10.0207,10.1515,23.8237,1.0
16574519,9.84821,10.0342,9.74786,23.8308,1.0
16586724,9.8583,10.0442,9.20258,23.8194,1.0
16596751,9.8676,10.0537,11.9499,23.828,1.0
16607791,9.87862,10.0649,8.64234,23.8251,1.0
16619560,9.88778,10.0742,10.0807,23.8123,1.0
16630848,9.89694,10.0838,11.9358,23.8251,1.0
16640771,9.91012,10.0972,9.77487,23.8351,1.0
16651831,9.92397,10.1114,10.2556,23.8409,1.0
16662782,9.93711,10.1246,10.6735,23.8251,1.0
16672922,9.95003,10.1378,9.70213,23.8237,1.0
16683797,9.95878,10.1467,8.07782,23.8208,1.0
16694423,9.96371,10.1517,11.9279,23.8237,1.0
16704769,9.96784,10.1564,7.59929,23.8323,1.0
16715306,9.96817,10.1565,10.1518,23.8237,1.0
16726340,9.9644,10.1525,9.28866,23.8323,1.0
16739294,9.95886,10.1468,10.1861,23.8294,1.0
16750771,9.95046,10.1384,8.11067,23.8251,1.0
16763309,9.93777,10.1259,9.85699,23.848,1.0
16774771,9.92146,10.1088,8.67316,23.8294,1.0
16784914,9.89998,10.0869,7.59906,23.8323,1.0
16795808,9.87202,10.0583,9.23138,23.8237,1.0
16806352,9.8409,10.0268,9.30803,23.8351,1.0
16818690,9.80822,9.99323,8.60173,23.8194,1.0
16830424,9.7728,9.95731,8.67316,23.8294,1.0
16840911,9.7382,9.92208,11.5094,23.8308,1.0
16851807,9.70914,9.89235,9.25077,23.8266,1.0
16862423,9.68476,9.86773,10.7233,23.8337,1.0
16875017,9.66282,9.84515,8.61179,23.8208,1.0
16886782,9.64039,9.82213,9.22122,23.8223,1.0
16898687,9.61939,9.80043,11.3925,23.8094,1.0
16908753,9.60361,9.78497,9.26949,23.8294,1.0
16918767,9.5897,9.77078,9.26018,23.828,1.0
16931310,9.57266,9.75349,7.5991,23.8323,1.0
16941827,9.55355,9.73404,11.1317,23.8337,1.0
16953834,9.53954,9.7192,10.9705,23.8051,1.0
16965827,9.53385,9.7138,10.7151,23.8323,1.0
16977829,9.53436,9.71369,10.4884,23.7937,1.0
16991806,9.53811,9.71762,9.53575,23.798,1.0
17003812,9.54209,9.72229,9.739,23.8294,1.0
17015150,9.54386,9.72353,8.42412,23.7951,1.0
17025828,9.54353,9.72359,10.64,23.8194,1.0
17039149,9.54623,9.72684,11.1718,23.8409,1.0
17049793,9.55655,9.7371,11.479,23.8251,1.0
17061827,9.5722,9.75302,9.21222,23.8208,1.0
17072767,9.58654,9.7672,9.1346,23.8094,1.0
17083806,9.59711,9.77851,9.78461,23.8366,1.0
17095141,9.60417,9.7852,8.47679,23.8023,1.0
17107479,9.60666,9.78825,9.29889,23.8337,1.0
17117830,9.60713,9.78838,10.5982,23.8123,1.0
17129879,9.61102,9.79262,11.1079,23.8294,1.0
17143240,9.62073,9.8026,10.7979,23.8466,1.0
17153828,9.63403,9.81599,9.78447,23.8366,1.0
17167140,9.65188,9.83467,12.849,23.8637,1.0
17179491,9.678,9.86047,10.5562,23.8051,1.0
17191292,9.70753,9.89055,9.60109,23.808,1.0
17203520,9.73461,9.91864,10.239,23.838,1.0
17215163,9.75944,9.94342,9.99234,23.798,1.0
17225828,9.77947,9.96435,7.57653,23.8294,1.0
17239139,9.79086,9.97545,9.12452,23.808,1.0
17249886,9.79523,9.98026,9.26954,23.8294,1.0
17263165,9.79598,9.98082,9.75719,23.8323,1.0
17273850,9.79329,9.97753,8.45538,23.7994,1.0
17287134,9.78724,9.97243,10.265,23.8423,1.0
17297828,9.77835,9.9628,7.97802,23.808,1.0
17309878,9.76563,9.95001,9.66595,23.818,1.0
17320757,9.74943,9.93336,8.61175,23.8208,1.0
17331802,9.73024,9.91361,9.15414,23.8123,1.0
17343240,9.70979,9.8931,10.2037,23.8323,1.0
17355566,9.69143,9.87415,10.0188,23.8023,1.0
17365828,9.67495,9.85781,9.26963,23.8294,1.0
17377827,9.65914,9.84142,10.0986,23.8151,1.0
17388766,9.64718,9.82937,11.4552,23.8208,1.0
17399240,9.63975,9.8215,8.45572,23.7994,1.0
17409879,9.63054,9.81247,8.61196,23.8208,1.0
17421828,9.61992,9.80147,11.432,23.8166,1.0
17432753,9.61395,9.79529,10.09,23.8137,1.0
17444319,9.60916,9.79086,7.62274,23.8351,1.0
17455135,9.60184,9.78289,10.9949,23.8094,1.0
17468342,9.5973,9.7783,10.6319,23.818,1.0
17479874,9.59703,9.77785,9.59131,23.8065,1.0
17492327,9.59724,9.77821,9.59146,23.8065,1.0
17503316,9.59795,9.77897,10.6816,23.8266,1.0
17513828,9.60111,9.78169,9.9833,23.7965,1.0
17527136,9.60513,9.78681,9.30826,23.8351,1.0
17539475,9.60753,9.78854,9.60993,23.8094,1.0
17551320,9.60911,9.79049,10.1686,23.8266,1.0
17561829,9.6107,9.79224,9.30803,23.8351,1.0
17573829,9.61107,9.79229,9.55481,23.8008,1.0
17584840,9.61201,9.79343,11.1077,23.8294,1.0
17595811,9.61843,9.7995,11.3144,23.7951,1.0
17605827,9.62892,9.81071,8.65329,23.8266,1.0
17617828,9.63786,9.81942,10.0015,23.7994,1.0
17629879,9.64486,9.82715,9.77511,23.8351,1.0
17641828,9.65055,9.8328,9.28876,23.8323,1.0
17655138,9.65207,9.83438,8.06651,23.8194,1.0
17667799,9.64522,9.8278,6.96283,23.8437,1.0
17679155,9.62909,9.81114,8.74485,23.8394,1.0
17691852,9.60971,9.79069,10.5729,23.808,1.0
17703152,9.59245,9.77372,9.2796,23.8308,1.0
17713827,9.57702,9.75746,9.99224,23.798,1.0
17725828,9.56242,9.74291,9.19266,23.818,1.0
17736752,9.54662,9.72627,8.47654,23.8023,1.0
17747811,9.52916,9.70907,10.1341,23.8208,1.0
17759152,9.51026,9.68942,7.30103,23.7965,1.0
17771773,9.48554,9.66408,7.32536,23.7994,1.0
17781828,9.45667,9.63551,10.8225,23.8509,1.0
17793828,9.43065,9.60838,9.1346,23.8094,1.0
17807144,9.40583,9.58325,8.08844,23.8223,1.0
17817828,9.37599,9.55275,6.71546,23.8166,1.0
17831134,9.33688,9.5127,5.81962,23.798,1.0
17843464,9.29343,9.469,11.5095,23.8308,1.0
17855133,9.25442,9.4288,7.93292,23.8023,1.0
17867443,9.21958,9.39339,10.1246,23.8194,1.0
17879115,9.18861,9.36185,9.56379,23.8023,1.0
17889881,9.15927,9.3322,6.72845,23.818,1.0
17901834,9.12637,9.2989,8.69396,23.8323,1.0
17912753,9.09265,9.26416,9.63766,23.8137,1.0
17923838,9.06113,9.23231,8.1539,23.8308,1.0
17935133,9.0318,9.20216,10.1247,23.8194,1.0
17948319,9.00665,9.1766,9.23142,23.8237,1.0
17959876,8.98548,9.15513,9.19271,23.818,1.0
17971771,8.96661,9.13575,9.1637,23.8137,1.0
17983145,8.95115,9.12015,10.1164,23.818,1.0
17993834,8.93796,9.10649,7.36166,23.8037,1.0
18007134,8.92174,9.09089,7.83049,23.8609,1.0
18019457,8.90337,9.07138,10.0986,23.8151,1.0
18031134,8.89183,9.05986,11.5096,23.8308,1.0
18041828,8.88769,9.05565,6.84659,23.8308,1.0
18053828,8.88411,9.05173,10.1776,23.828,1.0
18064924,8.8832,9.05129,10.265,23.8423,1.0
18076322,8.88818,9.05586,9.62875,23.8123,1.0
18086769,8.89476,9.06281,8.13276,23.828,1.0
18098764,8.90253,9.07033,11.3538,23.8023,1.0
18109880,8.91743,9.08577,10.6737,23.8251,1.0
18120766,8.94308,9.11193,11.928,23.8237,1.0
18130772,8.97748,9.1466,9.54494,23.7994,1.0
18142766,9.0129,9.18301,8.61184,23.8208,1.0
18153828,9.04554,9.21599,10.5228,23.7994,1.0
18164912,9.07935,9.25148,10.3942,23.8637,1.0
18175965,9.1138,9.2859,8.6019,23.8194,1.0
18186882,9.14603,9.31945,10.4025,23.8651,1.0
18198765,9.17672,9.34934,9.09506,23.8037,1.0
18210764,9.20328,9.37674,7.9104,23.7994,1.0
18224128,9.22493,9.39906,10.6488,23.8208,1.0
18237162,9.2449,9.41908,8.46579,23.8008,1.0
18248840,9.26107,9.43565,8.57001,23.8151,1.0
18260344,9.27788,9.45293,13.0491,23.8194,1.0
18272115,9.30538,9.48084,11.0111,23.8123,1.0
18282765,9.34025,9.51648,9.67473,23.8194,1.0
18294757,9.373,9.55003,8.70446,23.8337,1.0
18305829,9.40002,9.57747,9.27942,23.8308,1.0
18316752,9.42492,9.60235,11.346,23.8008,1.0
18328123,9.45131,9.62942,9.19239,23.818,1.0
18340353,9.47702,9.65585,10.1516,23.8237,1.0
18350753,9.49813,9.67698,7.33806,23.8008,1.0
18362771,9.51289,9.69247,10.1425,23.8223,1.0
18376117,9.52186,9.70103,7.31355,23.798,1.0
18386782,9.52502,9.70473,9.72931,23.828,1.0
18398752,9.52514,9.70507,9.70228,23.8237,1.0
18410753,9.52468,9.70432,9.25068,23.8266,1.0
18421838,9.52439,9.70407,10.6319,23.818,1.0
18432751,9.52867,9.70859,11.4789,23.8251,1.0
18444314,9.53698,9.71698,8.12122,23.8266,1.0
18456115,9.54236,9.72219,9.1346,23.8094,1.0
18468310,9.54427,9.72433,10.1163,23.818,1.0
18479959,9.54438,9.7247,8.1539,23.8308,1.0
18490753,9.54352,9.72333,11.3461,23.8008,1.0
18502755,9.54482,9.72484,9.21195,23.8208,1.0
18514770,9.54615,9.72581,9.05577,23.798,1.0
18526766,9.54632,9.72658,10.7072,23.8308,1.0
18538884,9.55334,9.73305,12.9598,23.8008,1.0
18550758,9.57079,9.75133,9.61909,23.8108,1.0
18562772,9.59113,9.77257,9.82055,23.8423,1.0
18573827,9.60934,9.7909,9.79333,23.838,1.0
18584769,9.62497,9.8065,9.21195,23.8208,1.0
18594753,9.63652,9.81791,9.06602,23.7994,1.0
18606769,9.64412,9.82619,9.75729,23.8323,1.0
18618753,9.64886,9.83066,9.09534,23.8037,1.0
18629883,9.65112,9.83359,9.80291,23.8394,1.0
18640753,9.6519,9.83403,9.66585,23.818,1.0
18650769,9.65375,9.83577,10.9949,23.8094,1.0
18662884,9.65838,9.84077,9.79323,23.838,1.0
18673828,9.66696,9.84909,11.8529,23.8094,1.0
18684320,9.68091,9.86368,10.2037,23.8323,1.0
18694769,9.69823,9.88095,10.5811,23.8094,1.0
18706752,9.71453,9.89797,8.6019,23.8194,1.0
18717828,9.72584,9.90908,9.05595,23.798,1.0
18728766,9.73438,9.91809,11.432,23.8166,1.0
18741020,9.74365,9.92722,8.61154,23.8208,1.0
18752765,9.75038,9.93401,9.54489,23.7994,1.0
18765022,9.75299,9.93754,9.31757,23.8366,1.0
18776767,9.75302,9.93755,9.7753,23.8351,1.0
18788828,9.74964,9.93359,8.11055,23.8251,1.0
18799957,9.74114,9.92507,9.26018,23.828,1.0
18810765,9.7287,9.91231,9.2214,23.8223,1.0
18822753,9.71518,9.89831,10.1161,23.818,1.0
18833828,9.70422,9.88705,10.9621,23.8037,1.0
18844757,9.69923,9.88207,11.0111,23.8123,1.0
18856117,9.69586,9.87873,6.67596,23.8123,1.0
18868300,9.68574,9.86856,8.61184,23.8208,1.0
18878751,9.67535,9.85773,13.326,23.8065,1.0
18890890,9.67548,9.85772,10.0279,23.8037,1.0
18902767,9.67871,9.86135,7.50515,23.8208,1.0
18914788,9.67615,9.85895,9.71185,23.8251,1.0
18926771,9.67304,9.85582,11.4865,23.8266,1.0
18938772,9.67314,9.85558,8.5701,23.8151,1.0
18949879,9.67352,9.85613,10.6737,23.8251,1.0
18960920,9.67371,9.85628,9.2214,23.8223,1.0
18973031,9.67112,9.85352,7.9672,23.8065,1.0
18984766,9.66387,9.84615,10.16,23.8251,1.0
18997041,9.65751,9.83936,10.962,23.8037,1.0
19007955,9.6577,9.83989,11.4706,23.8237,1.0
19018766,9.66317,9.84513,9.09525,23.8037,1.0
19029881,9.67032,9.85299,11.1394,23.8351,1.0
19040767,9.68118,9.864,11.1078,23.8294,1.0
19050769,9.69275,9.87565,6.75489,23.8208,1.0
19062754,9.70042,9.88394,11.6101,23.8494,1.0
19073827,9.7065,9.88942,7.96708,23.8065,1.0
19084917,9.70712,9.89056,7.56423,23.828,1.0
19095968,9.69836,9.88151,8.61192,23.8208,1.0
19106769,9.68631,9.86931,11.0834,23.8251,1.0
19118756,9.67504,9.85732,7.96704,23.8065,1.0
19130770,9.66316,9.84546,10.6319,23.818,1.0
19144023,9.65021,9.83216,8.03336,23.8151,1.0
19154771,9.63364,9.81498,8.47658,23.8023,1.0
19165828,9.61311,9.79444,9.69314,23.8223,1.0
19176917,9.59244,9.773,9.58217,23.8051,1.0
19188770,9.57073,9.75146,7.66931,23.8409,1.0
19198854,9.54665,9.72707,10.2214,23.8351,1.0
19209879,9.52383,9.70362,9.7117,23.8251,1.0
19221796,9.502,9.68126,8.05566,23.818,1.0
19232770,9.4777,9.65631,9.11501,23.8065,1.0
19245725,9.45313,9.63151,10.1516,23.8237,1.0
19256764,9.43025,9.6079,8.43443,23.7965,1.0
19269784,9.40622,9.58372,8.63252,23.8237,1.0
19280466,9.37949,9.55639,8.59093,23.818,1.0
19290752,9.35447,9.5309,11.393,23.8094,1.0
19301828,9.33501,9.51132,8.62193,23.8223,1.0
19312486,9.31882,9.49455,10.1247,23.8194,1.0
19324782,9.30515,9.48072,9.71161,23.8251,1.0
19336499,9.2953,9.4707,10.1685,23.8266,1.0
19349063,9.28967,9.46484,10.1951,23.8308,1.0
19360912,9.2853,9.46061,7.55271,23.8266,1.0
19373075,9.2786,9.4534,10.0187,23.8023,1.0
19384479,9.27089,9.44583,8.69366,23.8323,1.0
19397089,9.26379,9.43859,10.1516,23.8237,1.0
19408769,9.25467,9.4292,5.98576,23.8137,1.0
19421143,9.24035,9.41471,9.68364,23.8208,1.0
19432765,9.22331,9.39717,8.50799,23.8065,1.0
19444757,9.20713,9.38076,10.1423,23.8223,1.0
19456471,9.19177,9.36498,7.91036,23.7994,1.0
19466781,9.17849,9.35169,11.4244,23.8151,1.0
19477800,9.16862,9.34177,7.45837,23.8151,1.0
19488765,9.15685,9.33005,8.16544,23.8323,1.0
19501760,9.14093,9.31342,9.17315,23.8151,1.0
19512756,9.13084,9.30339,13.1036,23.8308,1.0
19525099,9.13392,9.30677,9.46004,23.858,1.0
19536767,9.1431,9.31576,9.26949,23.8294,1.0
19549047,9.15198,9.32486,9.73905,23.8294,1.0
19560385,9.16147,9.33437,9.67478,23.8194,1.0
19570872,9.1699,9.34289,8.07782,23.8208,1.0
19581801,9.17462,9.34758,9.20254,23.8194,1.0
19592484,9.17802,9.3513,10.1517,23.8237,1.0
19602767,9.183,9.35651,9.28885,23.8323,1.0
19613987,9.19127,9.36428,11.3226,23.7965,1.0
19625800,9.20275,9.37669,8.09938,23.8237,1.0
19637969,9.21055,9.38454,7.52908,23.8237,1.0
19648841,9.21205,9.38621,9.75753,23.8323,1.0
19661731,9.21462,9.38842,11.067,23.8223,1.0
19672461,9.21989,9.39378,7.38593,23.8065,1.0
19682757,9.22127,9.39514,8.59088,23.818,1.0
19693801,9.21706,9.3908,8.57001,23.8151,1.0
19704919,9.21004,9.3842,9.28899,23.8323,1.0
19716736,9.20065,9.37407,7.9104,23.7994,1.0
19726779,9.18762,9.36135,8.67342,23.8294,1.0
19737802,9.17119,9.3441,8.43456,23.7965,1.0
19749758,9.15307,9.32579,9.21204,23.8208,1.0
19760910,9.1393,9.31182,11.9502,23.828,1.0
19773393,9.13451,9.30677,9.12456,23.808,1.0
19784771,9.13107,9.30394,7.02627,23.8509,1.0
19797376,9.12086,9.29274,8.011,23.8123,1.0
19808840,9.10785,9.27983,10.6905,23.828,1.0
19821333,9.09977,9.27144,10.1163,23.818,1.0
19832770,9.09879,9.27044,10.6319,23.818,1.0
19845369,9.10488,9.27664,10.6319,23.818,1.0
19856467,9.11588,9.28759,9.09529,23.8037,1.0
19866758,9.12916,9.30154,10.6905,23.828,1.0
19877800,9.14645,9.31866,10.5056,23.7965,1.0
19888769,9.16655,9.33996,8.78573,23.8451,1.0
19900729,9.18463,9.35783,9.20258,23.8194,1.0
19910752,9.20057,9.37391,9.99224,23.798,1.0
19921801,9.21943,9.39356,11.4789,23.8251,1.0
19933629,9.24481,9.41897,10.4887,23.7937,1.0
19944916,9.27254,9.44758,8.60186,23.8194,1.0
19957373,9.29697,9.47217,9.6471,23.8151,1.0
19968765,9.31527,9.49109,6.85899,23.8323,1.0
19981382,9.32555,9.5016,9.22145,23.8223,1.0
19992753,9.33051,9.50618,9.08576,23.8023,1.0
20005982,9.33372,9.50988,9.67478,23.8194,1.0
20017800,9.33787,9.51369,10.4886,23.7937,1.0
20029746,9.34609,9.52248,10.6401,23.8194,1.0
20040822,9.35553,9.53195,7.46969,23.8166,1.0
20052701,9.36026,9.53673,9.20254,23.8194,1.0
20064446,9.36296,9.53986,10.7812,23.8437,1.0
20077024,9.36862,9.54543,9.67478,23.8194,1.0
20088471,9.37736,9.55455,10.6658,23.8237,1.0
20101541,9.38734,9.56453,8.65325,23.8266,1.0
20112490,9.39418,9.57108,8.4657,23.8008,1.0
20122753,9.39519,9.57236,8.60169,23.8194,1.0
20133108,9.39216,9.56905,9.48925,23.7908,1.0
20144387,9.3896,9.56706,10.6987,23.8294,1.0
20156743,9.39388,9.57133,11.9281,23.8237,1.0
20168455,9.40715,9.58478,10.1953,23.8308,1.0
20181345,9.42494,9.60281,10.1248,23.8194,1.0
20192377,9.44144,9.61988,8.22993,23.8409,1.0
20202752,9.4543,9.63279,10.1862,23.8294,1.0
20213801,9.46353,9.64161,7.88838,23.7965,1.0
20224444,9.46839,9.64687,9.68345,23.8208,1.0
20237357,9.46995,9.64831,9.0266,23.7937,1.0
20249378,9.46654,9.64525,6.74219,23.8194,1.0
20259859,9.45441,9.63285,8.22972,23.8409,1.0
20270783,9.44005,9.61822,11.8461,23.808,1.0
20282344,9.43378,9.61232,10.8721,23.8594,1.0
20294684,9.43722,9.61553,11.1715,23.8409,1.0
20306317,9.44918,9.62744,11.44,23.818,1.0
20316912,9.4688,9.64738,10.6654,23.8237,1.0
20327830,9.49054,9.66956,8.62172,23.8223,1.0
20338343,9.50748,9.6868,8.61171,23.8208,1.0
20351644,9.51806,9.69776,9.21213,23.8208,1.0
20362766,9.53023,9.71006,13.0967,23.8294,1.0
20375592,9.54968,9.72993,8.63257,23.8237,1.0
20386770,9.57204,9.75257,11.4243,23.8151,1.0
20399546,9.59795,9.77894,11.463,23.8223,1.0
20410770,9.62688,9.80832,8.5808,23.8166,1.0
20422683,9.65331,9.83554,10.6569,23.8223,1.0
20434339,9.67635,9.8593,8.74485,23.8394,1.0
20444767,9.69477,9.87823,9.42217,23.8523,1.0
20455828,9.70642,9.8894,7.96712,23.8065,1.0
20466755,9.71204,9.89526,10.1515,23.8237,1.0
20478989,9.71518,9.89839,9.67463,23.8194,1.0
20490520,9.71939,9.90269,11.0592,23.8208,1.0
20503068,9.73102,9.91456,13.1032,23.8308,1.0
20514768,9.75257,9.9368,9.70228,23.8237,1.0
20526770,9.77647,9.96124,10.1864,23.8294,1.0
20538352,9.80034,9.9855,11.494,23.828,1.0
20548766,9.82725,10.0128,10.6737,23.8251,1.0
20559817,9.8536,10.0396,8.65329,23.8266,1.0
20570777,9.87667,10.063,11.4475,23.8194,1.0
20583239,9.90231,10.0894,11.9802,23.8337,1.0
20594769,9.93215,10.1195,9.68359,23.8208,1.0
20606714,9.96061,10.1489,10.239,23.838,1.0
20618330,9.98202,10.1704,6.74216,23.8194,1.0
20630708,9.99369,10.1819,10.1068,23.8166,1.0
20642329,9.99777,10.1863,8.14307,23.8294,1.0
20652754,9.99461,10.1833,8.68386,23.8308,1.0
20662758,9.98694,10.1755,11.0994,23.828,1.0
20674313,9.97873,10.1665,8.50774,23.8065,1.0
20684768,9.9661,10.1542,8.06643,23.8194,1.0
20695319,9.94652,10.134,9.16356,23.8137,1.0
20706362,9.92395,10.1111,10.1162,23.818,1.0
20719320,9.90314,10.09,10.632,23.818,1.0
20730530,9.88409,10.0706,8.61179,23.8208,1.0
20743323,9.86429,10.0504,10.2036,23.8323,1.0
20754752,9.84776,10.0333,11.8982,23.818,1.0
20764767,9.84063,10.0264,11.5174,23.8323,1.0
20775815,9.84261,10.0283,11.0593,23.8208,1.0
20786765,9.85093,10.0372,11.1479,23.8366,1.0
20798663,9.86246,10.0487,9.68374,23.8208,1.0
20808850,9.87319,10.06,9.89309,23.8537,1.0
20819810,9.88143,10.0679,9.69318,23.8223,1.0
20831350,9.88532,10.0719,8.1326,23.828,1.0
20842766,9.88514,10.0718,11.1232,23.8323,1.0
20852911,9.88506,10.0713,9.66556,23.818,1.0
20863826,9.8837,10.0705,8.69392,23.8323,1.0
20874886,9.87934,10.0656,10.6486,23.8208,1.0
20887033,9.87434,10.0607,9.29861,23.8337,1.0
20898751,9.86948,10.0558,10.6321,23.818,1.0
20910727,9.86524,10.0515,9.68374,23.8208,1.0
20922364,9.8609,10.0471,9.78447,23.8366,1.0
20934668,9.8572,10.043,11.0267,23.8151,1.0
20946354,9.8545,10.0403,8.60164,23.8194,1.0
20956911,9.84884,10.0346,9.20263,23.8194,1.0
20967818,9.83892,10.025,9.28903,23.8323,1.0
20978340,9.82475,10.0104,8.08873,23.8223,1.0
20991373,9.80666,9.99166,10.1515,23.8237,1.0
21002767,9.78881,9.97354,10.2121,23.8337,1.0
21016116,9.7747,9.95958,10.7649,23.8409,1.0
21027811,9.76954,9.95447,13.1917,23.8494,1.0
21038784,9.7775,9.962,11.0431,23.818,1.0
21050424,9.78983,9.97484,7.56423,23.828,1.0
21060756,9.79653,9.98169,9.77511,23.8351,1.0
21071818,9.80059,9.98533,10.9785,23.8065,1.0
21083151,9.80758,9.99243,10.6236,23.8166,1.0
21095810,9.81829,10.0032,10.9543,23.8023,1.0
21105752,9.83167,10.0174,10.2214,23.8351,1.0
21116757,9.84554,10.031,10.0279,23.8037,1.0
21128149,9.85717,10.043,9.19244,23.818,1.0
21139874,9.86692,10.0534,11.108,23.8294,1.0
21149851,9.87517,10.0617,8.07798,23.8208,1.0
21161752,9.87638,10.0627,7.54033,23.8251,1.0
21172776,9.86805,10.0539,9.10545,23.8051,1.0
21183892,9.85923,10.0454,12.7095,23.8351,1.0
21195160,9.86128,10.047,12.2159,23.808,1.0
21205801,9.87242,10.0586,9.22126,23.8223,1.0
21217802,9.88224,10.0683,9.08571,23.8023,1.0
21229850,9.88695,10.0733,9.62856,23.8123,1.0
21243332,9.88826,10.0747,9.67458,23.8194,1.0
21255802,9.88585,10.0719,8.45543,23.7994,1.0
21265752,9.87872,10.0648,9.67444,23.8194,1.0
21276752,9.86744,10.0533,8.52889,23.8094,1.0
21287859,9.85157,10.038,8.85635,23.8551,1.0
21299150,9.83196,10.0173,9.62861,23.8123,1.0
21311506,9.81281,9.99817,10.732,23.8351,1.0
21321800,9.79614,9.98102,9.24077,23.8251,1.0
21333801,9.7797,9.96371,9.5357,23.798,1.0
21345800,9.76119,9.94548,8.61188,23.8208,1.0
21357800,9.74265,9.92621,11.3304,23.798,1.0
21369852,9.72799,9.91143,9.67463,23.8194,1.0
21381801,9.71783,9.90133,11.0833,23.8251,1.0
21395162,9.71134,9.89438,9.61895,23.8108,1.0
21407793,9.70755,9.891,10.6906,23.828,1.0
21419163,9.70371,9.88641,7.97774,23.808,1.0
21429876,9.69603,9.87901,9.29861,23.8337,1.0
21441826,9.68577,9.86873,10.1863,23.8294,1.0
21452755,9.67696,9.85959,10.0901,23.8137,1.0
21463811,9.66856,9.85115,8.63265,23.8237,1.0
21475240,9.65795,9.84006,9.59146,23.8065,1.0
21488128,9.64731,9.82934,10.607,23.8137,1.0
21499876,9.63998,9.82198,10.1341,23.8208,1.0
21511530,9.63688,9.81835,10.9457,23.8008,1.0
21523328,9.63938,9.82125,11.0353,23.8166,1.0
21536387,9.64628,9.82804,9.56369,23.8023,1.0
21547811,9.65401,9.83622,10.2212,23.8351,1.0
21557819,9.66142,9.84351,9.67454,23.8194,1.0
21571169,9.66804,9.85069,9.76623,23.8337,1.0
21583548,9.67089,9.85354,7.58775,23.8308,1.0
21595240,9.6665,9.84881,8.63244,23.8237,1.0
21605819,9.65724,9.83928,10.1161,23.818,1.0
21619317,9.64777,9.82976,9.54517,23.7994,1.0
21629871,9.63993,9.82197,10.5903,23.8108,1.0
21643240,9.63511,9.81687,10.1685,23.8266,1.0
21653822,9.63063,9.81212,8.03328,23.8151,1.0
21667317,9.62335,9.8052,10.2123,23.8337,1.0
21677820,9.61616,9.7976,10.1071,23.8166,1.0
21689871,9.61103,9.79261,9.74791,23.8308,1.0
21700765,9.60529,9.78676,8.64268,23.8251,1.0
21711812,9.59629,9.77704,9.0559,23.798,1.0
21723169,9.59066,9.77339,13.4217,23.9243,1.0
21735806,9.59389,9.77609,7.88971,23.8942,1.0
21745826,9.60042,9.78314,11.4569,23.9185,1.0
21757828,9.60986,9.79253,10.5327,23.8985,1.0
21768768,9.62231,9.80585,9.45162,23.9543,1.0
21779854,9.63475,9.81824,10.6587,23.92,1.0
21789872,9.6476,9.83136,9.70378,23.9214,1.0
21801820,9.66226,9.84633,11.4496,23.9171,1.0
21812753,9.67752,9.8599,7.92209,23.8008,1.0
21824378,9.68943,9.87283,10.2824,23.8451,1.0
21835314,9.69796,9.88089,9.12461,23.808,1.0
21848371,9.70347,9.88677,9.2888,23.8323,1.0
21859854,9.70704,9.89035,10.6985,23.8294,1.0
21872374,9.70954,9.89286,8.09922,23.8237,1.0
21883811,9.7059,9.88914,7.59903,23.8323,1.0
21896344,9.69336,9.87599,8.46579,23.8008,1.0
21907869,9.67571,9.85841,9.71175,23.8251,1.0
21919497,9.65919,9.84108,10.9136,23.7951,1.0
21931223,9.64837,9.83053,10.7318,23.8351,1.0
21941821,9.64209,9.82434,9.39381,23.848,1.0
21953821,9.63634,9.81828,9.64744,23.8151,1.0
21964753,9.62749,9.80917,7.52893,23.8237,1.0
21975514,9.61305,9.79417,9.07566,23.8008,1.0
21985821,9.5969,9.77837,10.7648,23.8409,1.0
21997821,9.58448,9.76501,9.97429,23.7951,1.0
22009872,9.57384,9.75464,8.63265,23.8237,1.0
22021837,9.56371,9.74439,11.1317,23.8337,1.0
22035165,9.55509,9.73523,8.04405,23.8166,1.0
22047771,9.54468,9.72495,9.31724,23.8366,1.0
22057821,9.53348,9.71324,10.6318,23.818,1.0
22069876,9.52604,9.70574,10.1515,23.8237,1.0
22081821,9.52429,9.70395,11.4162,23.8137,1.0
22093827,9.52746,9.70682,9.07553,23.8008,1.0
22105821,9.53123,9.71119,9.76613,23.8337,1.0
22116752,9.53315,9.71286,9.09543,23.8037,1.0
22127811,9.53523,9.71522,11.0269,23.8151,1.0
22139151,9.53719,9.71686,7.27742,23.7937,1.0
22151790,9.53329,9.71361,8.1873,23.8351,1.0
22161820,9.52581,9.70587,11.4941,23.828,1.0
22173821,9.52277,9.70202,9.98345,23.7965,1.0
22184765,9.52218,9.70212,8.74477,23.8394,1.0
22194781,9.52093,9.70054,10.6487,23.8208,1.0
22205826,9.52192,9.70169,10.2037,23.8323,1.0
22216943,9.52336,9.70277,7.93288,23.8023,1.0
22227950,9.52238,9.70204,10.64,23.8194,1.0
22237819,9.52178,9.70113,9.55462,23.8008,1.0
22248753,9.51957,9.69903,7.49355,23.8194,1.0
22258888,9.51336,9.69241,10.5307,23.8008,1.0
22270753,9.50536,9.68443,7.91032,23.7994,1.0
22282766,9.49371,9.67286,8.59101,23.818,1.0
22293819,9.47817,9.65663,9.50801,23.7937,1.0
22304758,9.46258,9.64144,9.74801,23.8308,1.0
22315960,9.44923,9.62752,10.0724,23.8108,1.0
22325821,9.43839,9.61728,9.4785,23.8609,1.0
22336756,9.4288,9.60645,9.55466,23.8008,1.0
22346768,9.42132,9.59912,10.6401,23.8194,1.0
22358757,9.41871,9.59591,10.5225,23.7994,1.0
22370756,9.42172,9.59904,10.5477,23.8037,1.0
22381820,9.42852,9.60653,9.73896,23.8294,1.0
22392753,9.43685,9.61467,10.0187,23.8023,1.0
22403941,9.44958,9.62789,12.2672,23.818,1.0
22414767,9.47147,9.6502,11.0431,23.818,1.0
22426754,9.49913,9.67862,9.77506,23.8351,1.0
22438766,9.5267,9.70621,10.1069,23.8166,1.0
22452115,9.5505,9.73036,7.97778,23.808,1.0
22462782,9.56743,9.74776,9.18305,23.8166,1.0
22475948,9.58072,9.76106,10.9378,23.7994,1.0
22486754,9.59315,9.77403,8.05558,23.818,1.0
22498753,9.60037,9.78162,8.63261,23.8237,1.0
22510766,9.60366,9.78484,11.0268,23.8151,1.0
22522769,9.6111,9.79232,11.4705,23.8237,1.0
22534765,9.62352,9.80493,9.15419,23.8123,1.0
22546779,9.63398,9.81584,8.66321,23.828,1.0
22558753,9.63932,9.82086,9.5636,23.8023,1.0
22570753,9.64301,9.82462,10.556,23.8051,1.0
22581826,9.6485,9.83063,10.1953,23.8308,1.0
22593271,9.65505,9.83684,9.56355,23.8023,1.0
22604115,9.66116,9.84356,10.1686,23.8266,1.0
22616639,9.6668,9.84893,9.57266,23.8037,1.0
22626751,9.67009,9.85266,8.65329,23.8266,1.0
22638766,9.66988,9.85208,9.99224,23.798,1.0
22650763,9.66953,9.85178,10.5392,23.8023,1.0
22662788,9.67112,9.85366,9.73891,23.8294,1.0
22676118,9.67106,9.85355,8.07786,23.8208,1.0
22689002,9.66638,9.84886,9.7117,23.8251,1.0
22700753,9.65753,9.83965,8.06627,23.8194,1.0
22710884,9.64336,9.82476,8.40275,23.7923,1.0
22722751,9.62612,9.80776,10.6488,23.8208,1.0
22733820,9.61278,9.79387,10.9379,23.7994,1.0
22744752,9.60633,9.78748,10.6399,23.8194,1.0
22755953,9.60482,9.78578,10.0279,23.8037,1.0
22766766,9.6026,9.78376,7.48126,23.818,1.0
